Username,Rank,Played,Victories,WinPercentage,Deaths,Blocks Destroyed,Powerups Collected,Vaults Used,BlocksPerGame,PowerupsPerGame,VaultsPerGame
Tahriq16YT,1,"1,594","1,564",0.98,26,"1,136,924","6,919","1,534",713.2521957,4.340652447,0.9623588457
w0LIV3,2,526,442,0.84,81,"398,379","1,302",935,757.3745247,2.475285171,1.77756654
Rerreee8742,3,241,171,0.71,36,"170,176",955,147,706.1244813,3.962655602,0.6099585062
TakeoutCrib7553,4,219,154,0.70,60,"183,433",775,254,837.5936073,3.538812785,1.159817352
Nixo990,5,188,146,0.78,41,"196,234",702,206,1043.797872,3.734042553,1.095744681
Pengubaguette,6,154,126,0.82,27,"141,224",579,61,917.038961,3.75974026,0.3961038961
Artem6365,7,169,120,0.71,48,"140,969","1,048",297,834.1360947,6.201183432,1.75739645
RedFoxNinja90,8,135,115,0.85,18,"106,735",678,45,790.6296296,5.022222222,0.3333333333
HarperOliver025,9,149,113,0.76,35,"69,049",580,146,463.4161074,3.89261745,0.9798657718
Lee1387,10,97,97,1.00,0,"74,610",449,10,769.1752577,4.628865979,0.1030927835
OutragedRelic22,11,128,97,0.76,28,"90,302",443,130,705.484375,3.4609375,1.015625
FusingPlum4115,12,190,93,0.49,93,"148,845",664,282,783.3947368,3.494736842,1.484210526
Scoundr3l,13,196,89,0.45,106,"146,461",583,486,747.25,2.974489796,2.479591837
MilkIsTight,14,250,86,0.34,153,"156,043",623,404,624.172,2.492,1.616
soccerdude20095,15,140,83,0.59,56,"119,269",365,74,851.9214286,2.607142857,0.5285714286
tanukiimo,16,128,79,0.62,48,"122,574",479,204,957.609375,3.7421875,1.59375
JTBlaBla,17,165,73,0.44,92,"149,081",556,330,903.5212121,3.36969697,2
Samcraft42,18,74,73,0.99,1,"58,375",349,70,788.8513514,4.716216216,0.9459459459
qPanee,19,101,72,0.71,28,"99,832",520,155,988.4356436,5.148514851,1.534653465
qDzrk,20,70,67,0.96,3,"56,263",277,31,803.7571429,3.957142857,0.4428571429
Yuzuriha851310,21,79,65,0.82,14,"66,241",410,127,838.4936709,5.189873418,1.607594937
Jayhawkboy14,22,160,64,0.40,94,"120,051",593,307,750.31875,3.70625,1.91875
vk2zt,23,135,63,0.47,70,"131,238",444,199,972.1333333,3.288888889,1.474074074
arfreis2005,24,390,61,0.16,326,"254,280",699,62,652,1.792307692,0.158974359
CyanTomato43222,25,76,57,0.75,16,"64,431",344,153,847.7763158,4.526315789,2.013157895
iyanatari,26,107,54,0.50,45,"80,116",422,200,748.7476636,3.943925234,1.869158879
Zinedinjackson,27,88,53,0.60,35,"80,220",342,169,911.5909091,3.886363636,1.920454545
TYzxinmar,28,59,53,0.90,6,"65,364",347,26,1107.864407,5.881355932,0.4406779661
Imstilla2970,29,64,52,0.81,11,"53,482",222,85,835.65625,3.46875,1.328125
Jvckel,30,93,52,0.56,39,"94,634",423,204,1017.569892,4.548387097,2.193548387
Katch 22,31,74,52,0.70,19,"62,635",244,102,846.4189189,3.297297297,1.378378378
Luca Goty6050,32,100,51,0.51,46,"98,920",252,149,989.2,2.52,1.49
jAnpooGi,33,79,51,0.65,27,"82,586",303,131,1045.392405,3.835443038,1.658227848
xhqhlz,34,77,51,0.66,26,"68,273",306,80,886.6623377,3.974025974,1.038961039
EastIsland45139,35,88,50,0.57,38,"75,435",268,186,857.2159091,3.045454545,2.113636364
REA1204,36,58,49,0.84,8,"65,252",403,48,1125.034483,6.948275862,0.8275862069
PyroPaimon,37,109,48,0.44,60,"97,030",252,80,890.1834862,2.311926606,0.7339449541
SkippingGull11,38,82,48,0.59,34,"70,100",196,135,854.8780488,2.390243902,1.646341463
Sarnard,39,90,47,0.52,42,"81,899",163,83,909.9888889,1.811111111,0.9222222222
BopoleGaming23,40,114,47,0.41,64,"88,748",244,118,778.4912281,2.140350877,1.035087719
Lettucethumb787,41,123,44,0.36,78,"94,680",519,392,769.7560976,4.219512195,3.18699187
Sombrero45,42,63,40,0.63,23,"53,989",287,91,856.968254,4.555555556,1.444444444
Vitalij211954,43,102,38,0.37,64,"84,991",457,162,833.245098,4.480392157,1.588235294
LuckyGlint6034,44,132,38,0.29,92,"89,037",250,197,674.5227273,1.893939394,1.492424242
BiennialTick820,45,110,38,0.35,70,"79,832",119,198,725.7454545,1.081818182,1.8
Tommyllosch3,46,87,37,0.43,43,"59,692",247,127,686.1149425,2.83908046,1.459770115
Spiropapa18,47,110,37,0.34,71,"67,187",414,333,610.7909091,3.763636364,3.027272727
JazzClub1959,48,76,37,0.49,38,"58,390",175,174,768.2894737,2.302631579,2.289473684
Liverpoolcap408,49,64,36,0.56,27,"45,454",179,136,710.21875,2.796875,2.125
DarthAvion20,50,105,36,0.34,66,"51,158",178,48,487.2190476,1.695238095,0.4571428571
CivilSatyr51424,51,69,36,0.52,30,"64,425",51,26,933.6956522,0.7391304348,0.3768115942
Yeeter3199,52,56,35,0.63,17,"36,802",189,63,657.1785714,3.375,1.125
etanology,53,54,35,0.65,19,"51,098",229,69,946.2592593,4.240740741,1.277777778
PrinceBoston23,54,109,35,0.32,71,"74,005",287,195,678.9449541,2.633027523,1.788990826
Entity70456450,55,93,34,0.37,57,"72,966",213,140,784.5806452,2.290322581,1.505376344
Dankcookies12,56,68,34,0.50,30,"62,975",451,91,926.1029412,6.632352941,1.338235294
OwnMars3639,57,68,34,0.50,33,"60,496",205,138,889.6470588,3.014705882,2.029411765
AresDuke74,58,131,33,0.25,94,"100,505",475,330,767.2137405,3.625954198,2.519083969
vHylia,59,53,33,0.62,20,"56,086",189,74,1058.226415,3.566037736,1.396226415
Daisythefox5624,60,111,33,0.30,65,"84,383",414,229,760.2072072,3.72972973,2.063063063
Lightning6981,61,82,33,0.40,47,"56,724",245,219,691.7560976,2.987804878,2.670731707
Sammzyyy2470,62,64,32,0.50,32,"57,616",192,122,900.25,3,1.90625
boxygg,63,67,31,0.46,31,"46,436",152,55,693.0746269,2.268656716,0.8208955224
PokyMarmot4511,64,84,31,0.37,46,"49,126",199,176,584.8333333,2.369047619,2.095238095
NunyaBis11,65,102,31,0.30,65,"69,391",242,304,680.3039216,2.37254902,2.980392157
nt0SKRNL,66,33,30,0.91,3,"27,412",112,28,830.6666667,3.393939394,0.8484848485
UnicornAteMe,67,197,30,0.15,166,"114,974",382,422,583.6243655,1.939086294,2.14213198
SONdaeMC,68,58,30,0.52,24,"52,218",194,124,900.3103448,3.344827586,2.137931034
RoM4IkGaMinG,69,60,29,0.48,31,"43,960",186,160,732.6666667,3.1,2.666666667
Sare94,70,120,29,0.24,90,"61,948",264,300,516.2333333,2.2,2.5
Dihmolished,71,32,29,0.91,2,"28,650",171,35,895.3125,5.34375,1.09375
SoughtBook46787,72,83,29,0.35,50,"60,979",159,123,734.686747,1.915662651,1.481927711
SpideyJonah,73,58,29,0.50,29,"44,730",76,6,771.2068966,1.310344828,0.1034482759
AvalineO,74,51,28,0.55,22,"27,778",129,53,544.6666667,2.529411765,1.039215686
Light81227,75,57,28,0.49,28,"40,993",131,77,719.1754386,2.298245614,1.350877193
Rodawg4978,76,38,27,0.71,10,"35,325",128,32,929.6052632,3.368421053,0.8421052632
oDefecttYT44,77,149,27,0.18,113,"87,852",415,231,589.6107383,2.785234899,1.55033557
yashirin3826,78,46,27,0.59,19,"35,571",192,89,773.2826087,4.173913043,1.934782609
ThornyPotato138,79,58,27,0.47,31,"37,586",134,57,648.0344828,2.310344828,0.9827586207
skinskin0329sur,80,94,27,0.29,66,"59,968",166,191,637.9574468,1.765957447,2.031914894
Ginardo 7166,81,80,27,0.34,51,"51,737",209,120,646.7125,2.6125,1.5
Ghiles23,82,73,26,0.36,43,"55,637",200,160,762.1506849,2.739726027,2.191780822
raiyonxgamer,83,77,26,0.34,47,"58,896",214,192,764.8831169,2.779220779,2.493506494
staystaystay756,84,119,26,0.22,92,"83,521",182,205,701.8571429,1.529411765,1.722689076
CheeseIsGud7319,85,54,26,0.48,27,"43,859",150,69,812.2037037,2.777777778,1.277777778
Sumit6499,86,77,26,0.34,47,"47,685",140,94,619.2857143,1.818181818,1.220779221
Arteleha,87,82,25,0.30,54,"67,325",120,109,821.0365854,1.463414634,1.329268293
Vaghalla,88,32,25,0.78,5,"26,284",87,50,821.375,2.71875,1.5625
Loopmoo,89,37,25,0.68,11,"23,763",94,59,642.2432432,2.540540541,1.594594595
Lord Pandow,90,39,25,0.64,14,"29,416",112,44,754.2564103,2.871794872,1.128205128
Shadowraze5151,91,100,25,0.25,74,"65,172",227,241,651.72,2.27,2.41
FluffyColt54366,92,92,25,0.27,67,"67,710",334,277,735.9782609,3.630434783,3.010869565
Donald duck8307,93,64,24,0.38,35,"42,294",120,118,660.84375,1.875,1.84375
AmazedDay132581,94,61,24,0.39,36,"49,352",167,64,809.0491803,2.737704918,1.049180328
DarkSky3713,95,105,24,0.23,80,"65,489",221,254,623.7047619,2.104761905,2.419047619
someone31415926,96,33,23,0.70,10,"33,193",100,28,1005.848485,3.03030303,0.8484848485
kurisuke11,97,76,23,0.30,42,"43,043",185,19,566.3552632,2.434210526,0.25
yosefchang5,98,43,23,0.53,20,"29,505",77,4,686.1627907,1.790697674,0.09302325581
SavageTrex706,99,73,23,0.32,50,"57,301",154,217,784.9452055,2.109589041,2.97260274
Pebble8491,100,70,22,0.31,43,"44,595",159,207,637.0714286,2.271428571,2.957142857
nt0SKRNL,1,840,777,0.93,58,"679,406","2,759",570,808.8166667,3.28452381,0.6785714286
S04ky,2,640,634,0.99,6,"465,194","2,766",257,726.865625,4.321875,0.4015625
SmartKid2010637,3,775,456,0.59,292,"676,713","3,014","1,082",873.1780645,3.889032258,1.396129032
Rerreee8742,4,591,439,0.74,94,"450,887","2,541",461,762.9221658,4.299492386,0.7800338409
Tahriq16YT,5,363,336,0.93,26,"250,419","1,692",624,689.8595041,4.661157025,1.719008264
Lee1387,6,346,335,0.97,9,"265,771","1,549",125,768.1242775,4.476878613,0.3612716763
Plane2020,7,532,303,0.57,214,"452,441","1,579",668,850.4530075,2.968045113,1.255639098
Artem6365,8,427,302,0.71,124,"366,076","2,530",844,857.3208431,5.925058548,1.976580796
Yuzuriha851310,9,366,294,0.80,70,"293,130","1,878",641,800.9016393,5.131147541,1.75136612
Pengubaguette,10,356,251,0.71,96,"329,590","1,261",130,925.8146067,3.542134831,0.3651685393
TakeoutCrib7553,11,465,246,0.53,211,"363,227","1,442",778,781.1333333,3.101075269,1.67311828
vviniuu,12,232,214,0.92,16,"231,094","1,163",108,996.0948276,5.012931034,0.4655172414
OutragedRelic22,13,294,200,0.68,88,"211,367",965,319,718.9353741,3.282312925,1.085034014
Samcraft42,14,206,197,0.96,6,"162,870",868,205,790.631068,4.213592233,0.9951456311
CroakyPenguin93,15,363,194,0.53,147,"276,847",955,407,762.6639118,2.630853994,1.121212121
TYzxinmar,16,216,181,0.84,35,"214,102","1,026",150,991.212963,4.75,0.6944444444
RedFoxNinja90,17,189,168,0.89,18,"159,114",996,81,841.8730159,5.26984127,0.4285714286
K4NEK1LLEN417,18,247,151,0.61,95,"232,331",942,435,940.611336,3.813765182,1.761133603
hearts820725,19,178,149,0.84,29,"165,206",863,149,928.1235955,4.848314607,0.8370786517
REA1204,20,172,141,0.82,27,"183,629","1,067",147,1067.610465,6.203488372,0.8546511628
Speedquokka,21,162,138,0.85,24,"146,665",813,279,905.3395062,5.018518519,1.722222222
DarkKillers88,22,151,132,0.87,18,"137,905",659,130,913.2781457,4.364238411,0.8609271523
xsenexz2448,23,169,125,0.74,35,"163,942",671,185,970.0710059,3.970414201,1.094674556
iyanatari,24,262,123,0.47,118,"201,090",898,532,767.519084,3.427480916,2.030534351
AmonHive,25,128,122,0.95,5,"96,517",573,58,754.0390625,4.4765625,0.453125
lolbit mk,26,171,121,0.71,49,"146,776",785,299,858.3391813,4.590643275,1.748538012
devluq,27,118,117,0.99,1,"93,806",563,46,794.9661017,4.771186441,0.3898305085
MilkIsTight,28,263,114,0.43,144,"199,223",831,291,757.5019011,3.159695817,1.106463878
Yeeter3199,29,161,113,0.70,47,"118,061",674,179,733.2981366,4.186335404,1.111801242
UneditedManny,30,187,111,0.59,72,"131,778",512,168,704.6951872,2.737967914,0.8983957219
TypedRain178228,31,349,110,0.32,232,"273,873",572,"1,092",784.7363897,1.638968481,3.128939828
SkippingGull11,32,223,110,0.49,113,"198,010",662,364,887.9372197,2.968609865,1.632286996
Axolot13431,33,435,109,0.25,316,"356,919",806,31,820.5034483,1.852873563,0.07126436782
Arteleha,34,328,106,0.32,197,"262,975",484,360,801.7530488,1.475609756,1.097560976
VultureX55,35,197,106,0.54,89,"162,009",420,326,822.3807107,2.131979695,1.654822335
Katch 22,36,163,106,0.65,53,"138,829",572,205,851.7116564,3.509202454,1.257668712
Realberryman,37,152,104,0.68,46,"142,537",484,287,937.7434211,3.184210526,1.888157895
soccerdude20095,38,202,102,0.50,90,"186,018",497,179,920.8811881,2.46039604,0.8861386139
HEROBRINEI4838,39,195,101,0.52,88,"176,786",689,268,906.5948718,3.533333333,1.374358974
zZolb,40,109,100,0.92,6,"104,692",460,99,960.4770642,4.220183486,0.9082568807
qDzrk,41,106,100,0.94,6,"85,183",440,73,803.6132075,4.150943396,0.6886792453
owenzommer,42,185,98,0.53,87,"198,824",472,95,1074.724324,2.551351351,0.5135135135
BusiestTitan386,43,238,97,0.41,130,"206,308",639,169,866.8403361,2.68487395,0.7100840336
FawnLettuce2593,44,273,96,0.35,174,"244,354",456,593,895.0695971,1.67032967,2.172161172
qDirtGirl,45,149,94,0.63,53,"120,859",414,188,811.1342282,2.77852349,1.261744966
Awfoxxx,46,243,94,0.39,128,"139,778",752,219,575.218107,3.094650206,0.9012345679
FourSiren120741,47,198,92,0.46,106,"199,808",573,58,1009.131313,2.893939394,0.2929292929
SurfyAura422994,48,214,92,0.43,113,"150,546",546,353,703.4859813,2.551401869,1.64953271
Nixo990,49,143,91,0.64,50,"140,937",507,195,985.5734266,3.545454545,1.363636364
NikanRektz,50,160,91,0.57,47,"143,031",662,229,893.94375,4.1375,1.43125
MCMCcm06,51,155,91,0.59,63,"105,504",305,204,680.6709677,1.967741935,1.316129032
ImportedLake177,52,105,90,0.86,15,"118,978",585,62,1133.12381,5.571428571,0.5904761905
Sombrero45,53,154,90,0.58,61,"127,287",633,233,826.538961,4.11038961,1.512987013
TowtTowd8,54,111,89,0.80,19,"94,221",499,205,848.8378378,4.495495495,1.846846847
Hikaru bp,55,130,89,0.68,39,"117,917",364,165,907.0538462,2.8,1.269230769
BopoleGaming23,56,208,89,0.43,111,"180,256",546,189,866.6153846,2.625,0.9086538462
Rodawg4978,57,119,88,0.74,28,"96,894",390,131,814.2352941,3.277310924,1.100840336
Ivytwo,58,114,88,0.77,25,"78,171",438,127,685.7105263,3.842105263,1.114035088
speedingLeo1,59,143,87,0.61,52,"113,245",390,194,791.9230769,2.727272727,1.356643357
CivilSatyr51424,60,177,84,0.47,77,"152,085",125,43,859.2372881,0.7062146893,0.2429378531
meyanjapan,61,259,83,0.32,174,"214,035",641,494,826.3899614,2.474903475,1.907335907
shane9064,62,241,83,0.34,153,"166,121",528,397,689.2987552,2.190871369,1.647302905
Unkown6E5o20,63,190,83,0.44,98,"170,417",617,423,896.9315789,3.247368421,2.226315789
someone31415926,64,116,82,0.71,33,"124,865",442,115,1076.422414,3.810344828,0.9913793103
OwenThCool,65,220,81,0.37,113,"131,285",560,427,596.75,2.545454545,1.940909091
SluggedWings329,66,372,81,0.22,288,"321,195",750,281,863.4274194,2.016129032,0.7553763441
tanukiimo,67,131,79,0.60,50,"116,848",381,202,891.9694656,2.908396947,1.541984733
yushiyumi11,68,148,78,0.53,69,"134,002",490,105,905.4189189,3.310810811,0.7094594595
vQu1ts,69,88,77,0.88,11,"78,079",306,142,887.2613636,3.477272727,1.613636364
DarthAvion20,70,256,77,0.30,170,"155,693",371,28,608.1757813,1.44921875,0.109375
Vitalij211954,71,205,76,0.37,126,"165,304",739,350,806.3609756,3.604878049,1.707317073
Robbeengg,72,143,76,0.53,62,"100,742",424,312,704.4895105,2.965034965,2.181818182
GRAV1TYCHA1N,73,168,76,0.45,85,"125,054",490,357,744.3690476,2.916666667,2.125
SwoomMC,74,166,76,0.46,84,"124,679",332,267,751.0783133,2,1.608433735
Emalectro,75,144,76,0.53,65,"87,266",505,251,606.0138889,3.506944444,1.743055556
Zinedinjackson,76,163,75,0.46,88,"130,699",409,163,801.8343558,2.509202454,1
TornSoap9923074,77,125,75,0.60,49,"43,870",224,167,350.96,1.792,1.336
NBATheo8168,78,338,75,0.22,261,"212,518",906,778,628.7514793,2.680473373,2.301775148
zR 4 1 D E r,79,113,74,0.65,33,"94,866",440,191,839.5221239,3.89380531,1.690265487
Nightmare8431,80,87,74,0.85,13,"80,303",366,108,923.0229885,4.206896552,1.24137931
OTX Reqari,81,84,74,0.88,8,"83,404",359,61,992.9047619,4.273809524,0.7261904762
DarkMage7429,82,169,72,0.43,84,"107,047",464,281,633.4142012,2.74556213,1.662721893
PizzaSJBoy,83,258,71,0.28,176,"170,551",405,333,661.0503876,1.569767442,1.290697674
RPGking8075,84,159,70,0.44,84,"91,716",518,359,576.8301887,3.257861635,2.257861635
Mr Blue Sky4868,85,"1,227",69,0.06,"1,135","527,729","1,250",24,430.0969845,1.018744906,0.0195599022
CallMeKINO ITA,86,79,69,0.87,9,"88,128",396,69,1115.544304,5.012658228,0.8734177215
Unknown12345368,87,117,68,0.58,48,"109,578",433,115,936.5641026,3.700854701,0.9829059829
StrwbrrySmore,88,299,67,0.22,228,"182,774",539,487,611.2842809,1.802675585,1.628762542
ITS xXArifxX,89,235,67,0.29,161,"159,480",674,310,678.6382979,2.868085106,1.319148936
Eggplant4698,90,147,66,0.45,74,"103,866",390,345,706.5714286,2.653061224,2.346938776
HamsterMou,91,183,66,0.36,108,"152,875",515,418,835.3825137,2.81420765,2.284153005
Player17491420,92,247,65,0.26,173,"192,247",760,542,778.3279352,3.076923077,2.194331984
Entity70456450,93,224,64,0.29,157,"151,311",447,154,675.4955357,1.995535714,0.6875
KassandraShch13,94,145,64,0.44,64,"69,955",258,156,482.4482759,1.779310345,1.075862069
Spiropapa18,95,202,64,0.32,133,"130,871",682,362,647.8762376,3.376237624,1.792079208
Potatoes5816,96,163,63,0.39,98,"114,683",335,320,703.5766871,2.055214724,1.963190184
RoM4IkGaMinG,97,116,62,0.53,51,"82,269",336,315,709.2155172,2.896551724,2.715517241
OKAYTHAKTYFGE,98,163,61,0.37,94,"115,432",580,397,708.1717791,3.558282209,2.435582822
ChampionLeos,99,111,61,0.55,30,"66,316",367,191,597.4414414,3.306306306,1.720720721
Egg QwQ8007,100,217,61,0.28,133,"161,425",885,517,743.8940092,4.078341014,2.382488479
Tahriq16YT,1,"1,722","1,616",0.94,96,"1,175,664","7,604","2,989",682.7317073,4.415795587,1.735772358
S04ky,2,"1,669","1,616",0.97,51,"1,204,063","7,772","1,268",721.4278011,4.656680647,0.7597363691
Lee1387,3,518,510,0.98,7,"393,779","2,284",192,760.1911197,4.409266409,0.3706563707
willxoxo uwu,4,340,290,0.85,46,"256,684","1,411",268,754.9529412,4.15,0.7882352941
qDzrk,5,285,250,0.88,31,"223,380","1,243",264,783.7894737,4.361403509,0.9263157895
ShoneStone4257,6,248,245,0.99,3,"172,803",889,153,696.7862903,3.584677419,0.6169354839
Yuzuriha851310,7,294,232,0.79,57,"236,969","1,430",516,806.0170068,4.863945578,1.755102041
Axolot13431,8,714,228,0.32,466,"586,521","1,496",96,821.4579832,2.095238095,0.1344537815
GibborHosea,9,541,222,0.41,292,"375,884","1,211",856,694.7948244,2.23844732,1.582255083
Samcraft42,10,230,220,0.96,9,"188,303","1,018",193,818.7086957,4.426086957,0.8391304348
TYzxinmar,11,242,215,0.89,26,"247,342","1,195",199,1022.07438,4.938016529,0.8223140496
TakeoutCrib7553,12,325,191,0.59,127,"286,875","1,143",390,882.6923077,3.516923077,1.2
Sombrero45,13,326,174,0.53,145,"261,113","1,262",558,800.9601227,3.871165644,1.711656442
Rerreee8742,14,315,172,0.55,61,"187,016",980,202,593.7015873,3.111111111,0.6412698413
UpcastWind1018,15,286,169,0.59,114,"257,392","1,063",460,899.972028,3.716783217,1.608391608
xLouise59,16,399,167,0.42,223,"328,953",952,746,824.443609,2.385964912,1.869674185
unscrewer,17,194,165,0.85,22,"150,093","1,047",186,773.6752577,5.396907216,0.9587628866
RedFoxNinja90,18,186,163,0.88,22,"150,755",979,63,810.5107527,5.26344086,0.3387096774
REA1204,19,189,148,0.78,31,"213,532","1,230",166,1129.798942,6.507936508,0.8783068783
Extra Blocks,20,256,123,0.48,108,"198,731",705,370,776.2929688,2.75390625,1.4453125
ChuckFin1881,21,326,120,0.37,196,"251,211",820,502,770.5858896,2.515337423,1.539877301
FAMEMCPlayz9135,22,143,120,0.84,23,"151,850",602,122,1061.888112,4.20979021,0.8531468531
scpei,23,199,119,0.60,77,"195,009",633,253,979.9447236,3.180904523,1.271356784
Darkzin2983,24,198,116,0.59,80,"160,751",645,135,811.8737374,3.257575758,0.6818181818
SPDMINECRAFT,25,130,115,0.88,15,"116,660",693,170,897.3846154,5.330769231,1.307692308
Ivytwo,26,153,113,0.74,37,"137,989",662,192,901.8888889,4.326797386,1.254901961
MAS0N R0SSl,27,311,111,0.36,194,"221,123",551,338,711.0064309,1.77170418,1.08681672
maxblanket05,28,195,110,0.56,85,"111,664",405,180,572.6358974,2.076923077,0.9230769231
DeepCharmz,29,187,104,0.56,82,"166,657",702,262,891.2139037,3.754010695,1.401069519
AversiveDoor119,30,187,102,0.55,83,"126,092",294,130,674.2887701,1.572192513,0.6951871658
Artem6365,31,192,102,0.53,90,"150,868",750,233,785.7708333,3.90625,1.213541667
vviniuu,32,118,102,0.86,16,"117,502",550,112,995.779661,4.661016949,0.9491525424
Ellianqa,33,168,101,0.60,62,"119,377",363,211,710.577381,2.160714286,1.255952381
MV173,34,195,100,0.51,94,"170,183",656,368,872.7333333,3.364102564,1.887179487
KingLu2008,35,162,98,0.60,55,"152,857",587,268,943.5617284,3.62345679,1.654320988
ZYFE JUSTIN,36,154,97,0.63,56,"145,955",438,242,947.7597403,2.844155844,1.571428571
Jielun123 MC,37,145,96,0.66,48,"89,846",409,224,619.6275862,2.820689655,1.544827586
Aztec01Ninja,38,119,95,0.80,13,"107,472",475,70,903.1260504,3.991596639,0.5882352941
kierboy3665,39,490,95,0.19,375,"291,398",584,"1,141",594.6897959,1.191836735,2.328571429
Ghost Miyuuu,40,146,93,0.64,49,"167,015",441,211,1143.938356,3.020547945,1.445205479
Katch 22,41,148,92,0.62,54,"118,972",517,174,803.8648649,3.493243243,1.175675676
GalaxyCat1939,42,234,88,0.38,131,"149,768",537,215,640.034188,2.294871795,0.9188034188
ErasableHydra4,43,194,88,0.45,95,"142,515",387,322,734.6134021,1.994845361,1.659793814
OHIOKING1635,44,434,87,0.20,339,"258,130",765,674,594.7695853,1.762672811,1.552995392
So Canny,45,313,84,0.27,219,"231,901",551,415,740.8977636,1.760383387,1.325878594
lolbit mk,46,113,82,0.73,30,"100,200",500,203,886.7256637,4.424778761,1.796460177
WspDanielYT,47,135,82,0.61,49,"87,940",433,221,651.4074074,3.207407407,1.637037037
midomi047,48,164,80,0.49,80,"137,255",561,391,836.9207317,3.420731707,2.384146341
Ckfelipe8558,49,139,79,0.57,60,"128,495",416,228,924.4244604,2.992805755,1.64028777
Gabonator52,50,175,78,0.45,78,"134,926",434,301,771.0057143,2.48,1.72
BrushedTexas63,51,193,76,0.39,117,"98,475",439,1,510.2331606,2.274611399,0.00518134715
NewLucAgiusYT,52,109,75,0.69,33,"93,907",521,131,861.5321101,4.779816514,1.201834862
Stuffss,53,97,75,0.77,21,"82,467",378,112,850.1752577,3.896907216,1.154639175
xTvoY ZakaTx,54,126,75,0.60,47,"99,293",303,188,788.0396825,2.404761905,1.492063492
OverKhale,55,128,74,0.58,50,"109,321",478,170,854.0703125,3.734375,1.328125
vToxicoooQ,56,92,74,0.80,18,"106,047",463,94,1152.684783,5.032608696,1.02173913
soccerdude20095,57,126,73,0.58,44,"109,452",343,85,868.6666667,2.722222222,0.6746031746
Gr3yHair,58,113,73,0.65,37,"125,360",417,155,1109.380531,3.690265487,1.371681416
OutragedRelic22,59,100,73,0.73,26,"67,429",280,121,674.29,2.8,1.21
BopoleGaming23,60,125,72,0.58,51,"110,074",351,120,880.592,2.808,0.96
ItzzzVinnie,61,124,70,0.56,48,"86,783",397,146,699.8629032,3.201612903,1.177419355
Pannu3981,62,180,69,0.38,104,"104,522",164,268,580.6777778,0.9111111111,1.488888889
FinerLemming117,63,246,68,0.28,175,"134,947",480,451,548.5650407,1.951219512,1.833333333
HUNJ0C,64,84,68,0.81,16,"88,642",444,79,1055.261905,5.285714286,0.9404761905
CapitateOwl1125,65,179,67,0.37,106,"136,850",350,255,764.5251397,1.955307263,1.424581006
ImportedLake177,66,82,66,0.80,14,"82,375",378,35,1004.573171,4.609756098,0.4268292683
AsleepSun7019,67,90,66,0.73,20,"74,450",416,125,827.2222222,4.622222222,1.388888889
CroakyPenguin93,68,164,66,0.40,86,"116,931",303,166,712.9939024,1.847560976,1.012195122
qgoqt,69,231,65,0.28,160,"133,283",513,374,576.982684,2.220779221,1.619047619
masurcos,70,123,65,0.53,56,"99,794",351,203,811.3333333,2.853658537,1.650406504
II TONY JR II,71,72,65,0.90,5,"77,744",378,47,1079.777778,5.25,0.6527777778
J02011Messi,72,325,64,0.20,237,"189,436",479,106,582.88,1.473846154,0.3261538462
TuTuMi 78990,73,110,63,0.57,47,"96,368",322,192,876.0727273,2.927272727,1.745454545
Monztali4ever,74,181,63,0.35,118,"116,441",340,243,643.320442,1.878453039,1.342541436
kuzkomeister,75,85,63,0.74,16,"64,581",434,89,759.7764706,5.105882353,1.047058824
zTwTys,76,120,62,0.52,49,"96,421",404,106,803.5083333,3.366666667,0.8833333333
hearts820725,77,77,62,0.81,14,"72,921",382,75,947.025974,4.961038961,0.974025974
Theluma75,78,174,61,0.35,106,"122,409",453,258,703.5,2.603448276,1.482758621
HaykalBarca1746,79,188,61,0.32,115,"145,702",246,9,775.0106383,1.308510638,0.04787234043
MistDragon01,80,153,61,0.40,91,"129,074",264,209,843.620915,1.725490196,1.366013072
Hunter guy3739,81,145,61,0.42,84,"125,255",278,228,863.8275862,1.917241379,1.572413793
HoraryZulu92971,82,143,60,0.42,77,"116,989",360,96,818.1048951,2.517482517,0.6713286713
AcutePlanet7350,83,127,60,0.47,65,"107,865",607,308,849.3307087,4.779527559,2.42519685
kurumai0008,84,134,59,0.44,71,"79,941",392,135,596.5746269,2.925373134,1.007462687
Slimey8056,85,101,59,0.58,42,"69,441",257,118,687.5346535,2.544554455,1.168316832
Cleudinho123,86,384,59,0.15,311,"231,742",538,160,603.4947917,1.401041667,0.4166666667
ipado1110,87,82,58,0.71,24,"74,845",296,47,912.7439024,3.609756098,0.5731707317
LeoFace1010,88,73,58,0.79,13,"74,955",353,85,1026.780822,4.835616438,1.164383562
RaygrullzYT,89,114,58,0.51,55,"119,309",383,116,1046.570175,3.359649123,1.01754386
SpaceBoy1David,90,101,57,0.56,42,"104,961",350,153,1039.217822,3.465346535,1.514851485
WaxiestLake4507,91,147,57,0.39,88,"92,152",424,263,626.8843537,2.884353741,1.789115646
its preet me,92,372,57,0.15,312,"242,994",789,615,653.2096774,2.120967742,1.653225806
Emalectro,93,109,57,0.52,51,"81,311",503,185,745.9724771,4.614678899,1.697247706
mliKa5524,94,162,56,0.35,102,"132,379",420,413,817.154321,2.592592593,2.549382716
fuzzypjs2015571,95,176,56,0.32,120,"142,198",494,230,807.9431818,2.806818182,1.306818182
Skunkers4892,96,151,56,0.37,95,"109,731",390,298,726.6953642,2.582781457,1.973509934
CyberPollo8258,97,129,56,0.43,64,"97,443",324,62,755.372093,2.511627907,0.480620155
SoftPuppet11875,98,73,55,0.75,16,"56,798",302,55,778.0547945,4.136986301,0.7534246575
Endermite303236,99,151,55,0.36,95,"102,058",274,376,675.8807947,1.814569536,2.490066225
exploitax,100,84,55,0.65,23,"74,097",241,174,882.1071429,2.869047619,2.071428571
Tahriq16YT,1,"1,707","1,616",0.95,82,"1,155,895","7,471","2,678",677.1499707,4.376684241,1.568834212
hearts820725,2,631,541,0.86,89,"589,726","2,991",470,934.5895404,4.740095087,0.7448494453
Lee1387,3,399,387,0.97,11,"300,868","1,808",132,754.0551378,4.531328321,0.3308270677
Yuzuriha851310,4,294,255,0.87,38,"250,053","1,554",455,850.5204082,5.285714286,1.547619048
soccerdude20095,5,373,232,0.62,122,"310,771","1,035",253,833.1662198,2.774798928,0.6782841823
OutragedRelic22,6,345,228,0.66,110,"233,409",911,424,676.5478261,2.64057971,1.228985507
MARIYA101111,7,344,200,0.58,135,"267,823","1,137",556,778.5552326,3.305232558,1.61627907
OverKhale,8,277,193,0.70,83,"236,509","1,050",389,853.8231047,3.790613718,1.40433213
Darkzin2983,9,323,187,0.58,134,"250,393",963,196,775.2105263,2.981424149,0.6068111455
IckyPat,10,370,182,0.49,173,"271,293","1,183",373,733.2243243,3.197297297,1.008108108
RedFoxNinja90,11,206,179,0.87,25,"163,494",987,76,793.6601942,4.791262136,0.3689320388
NachoooMC,12,246,178,0.72,68,"231,148",928,227,939.6260163,3.772357724,0.9227642276
BrushedTexas63,13,423,175,0.41,245,"222,957","1,037",8,527.0851064,2.451536643,0.01891252955
TakeoutCrib7553,14,259,175,0.68,83,"284,307","1,141",328,1097.710425,4.405405405,1.266409266
Devuq,15,191,173,0.91,17,"138,964",754,135,727.5602094,3.947643979,0.7068062827
Rerreee8742,16,300,169,0.56,49,"173,688",778,113,578.96,2.593333333,0.3766666667
il 8l8 li,17,206,169,0.82,36,"171,268","1,103",307,831.3980583,5.354368932,1.490291262
REA1204,18,202,153,0.76,38,"226,649","1,291",175,1122.024752,6.391089109,0.8663366337
S04ky,19,156,150,0.96,6,"111,379",720,145,713.9679487,4.615384615,0.9294871795
io mission,20,230,139,0.60,76,"151,212","1,020",636,657.4434783,4.434782609,2.765217391
Florian3771,21,265,138,0.52,126,"241,780",952,602,912.3773585,3.59245283,2.271698113
Katch 22,22,242,138,0.57,98,"193,024",782,283,797.6198347,3.231404959,1.169421488
RentoSugak2010,23,265,125,0.47,137,"247,776",818,65,935.0037736,3.086792453,0.2452830189
Shelbymedia,24,353,121,0.34,223,"235,122","1,320","1,245",666.0679887,3.739376771,3.526912181
KingLu2008,25,198,118,0.60,71,"198,851",733,310,1004.29798,3.702020202,1.565656566
Sombrero45,26,210,118,0.56,84,"164,359",734,307,782.6619048,3.495238095,1.461904762
Cleudinho123,27,778,117,0.15,645,"493,859","1,110",254,634.7802057,1.426735219,0.3264781491
Samcraft42,28,114,113,0.99,1,"82,714",378,53,725.5614035,3.315789474,0.4649122807
InvalidClover39,29,280,112,0.40,144,"222,726","1,063",684,795.45,3.796428571,2.442857143
AsleepSun7019,30,124,103,0.83,20,"93,716",484,142,755.7741935,3.903225806,1.14516129
L1ghtn1ng Drop,31,364,103,0.28,260,"281,660",370,796,773.7912088,1.016483516,2.186813187
ilahzi,32,158,99,0.63,56,"129,046",479,205,816.7468354,3.03164557,1.297468354
Ryder93149743,33,167,98,0.59,68,"131,258",554,297,785.9760479,3.317365269,1.778443114
Aztec01Ninja,34,130,95,0.73,21,"114,817",474,122,883.2076923,3.646153846,0.9384615385
AquaTadpole9928,35,134,94,0.70,40,"112,203",340,125,837.3358209,2.537313433,0.9328358209
Firemister15,36,243,93,0.38,102,"170,864",599,421,703.1440329,2.465020576,1.732510288
the hammer 9448,37,349,92,0.26,241,"121,976",583,474,349.5014327,1.670487106,1.358166189
favvtye,38,117,86,0.74,29,"103,756",539,146,886.8034188,4.606837607,1.247863248
GameyHaddock439,39,204,86,0.42,117,"145,573",876,488,713.5931373,4.294117647,2.392156863
Rctt6633,40,198,86,0.43,110,"162,881",667,334,822.6313131,3.368686869,1.686868687
DeepCharmz,41,156,86,0.55,69,"140,523",518,220,900.7884615,3.320512821,1.41025641
CoolCarrotYT,42,171,84,0.49,76,"129,154",565,349,755.2865497,3.304093567,2.040935673
crudercooke,43,179,84,0.47,85,"151,245",567,318,844.9441341,3.167597765,1.776536313
Mikyy1140,44,142,83,0.58,52,"127,619",345,221,898.7253521,2.429577465,1.556338028
BopoleGaming23,45,179,83,0.46,84,"146,806",506,186,820.1452514,2.826815642,1.039106145
xLouise59,46,199,80,0.40,111,"168,826",564,519,848.3718593,2.834170854,2.608040201
Stingerbee79,47,139,80,0.58,56,"109,946",445,218,790.9784173,3.201438849,1.568345324
furandoll704,48,106,78,0.74,28,"80,995",472,151,764.1037736,4.452830189,1.424528302
CinnaMC1247,49,188,78,0.41,106,"151,412",830,479,805.3829787,4.414893617,2.54787234
moools0323,50,93,78,0.84,13,"71,722",479,76,771.2043011,5.150537634,0.8172043011
Thrylos22719,51,142,78,0.55,64,"140,841",333,32,991.8380282,2.345070423,0.2253521127
Koyaz9938,52,128,77,0.60,49,"100,404",402,143,784.40625,3.140625,1.1171875
RegentCloud6890,53,185,77,0.42,107,"163,387",477,169,883.172973,2.578378378,0.9135135135
Ivytwo,54,86,77,0.90,9,"93,464",413,122,1086.790698,4.802325581,1.418604651
PinDrake3232,55,147,77,0.52,67,"112,029",653,369,762.1020408,4.442176871,2.510204082
Candycat1630,56,204,76,0.37,121,"156,654",505,312,767.9117647,2.475490196,1.529411765
iampen2,57,164,76,0.46,86,"136,257",507,391,830.8353659,3.091463415,2.384146341
innesag,58,224,75,0.33,141,"178,333",350,288,796.1294643,1.5625,1.285714286
MaxElpana6410,59,128,75,0.59,53,"99,245",303,136,775.3515625,2.3671875,1.0625
EeryTie39039390,60,130,74,0.57,55,"124,877",490,216,960.5923077,3.769230769,1.661538462
AversiveDoor119,61,191,74,0.39,117,"126,122",218,168,660.3246073,1.141361257,0.8795811518
SmartCreepe5,62,189,72,0.38,114,"153,267",575,331,810.9365079,3.042328042,1.751322751
Emerald57113531,63,130,72,0.55,51,"90,668",596,402,697.4461538,4.584615385,3.092307692
The Han 2004813,64,224,71,0.32,152,"133,098",444,397,594.1875,1.982142857,1.772321429
semi30044999,65,180,71,0.39,98,"132,271",659,375,734.8388889,3.661111111,2.083333333
Sosiska376951,66,206,70,0.34,134,"157,146",437,277,762.8446602,2.121359223,1.344660194
TYzxinmar,67,77,69,0.90,8,"79,263",404,69,1029.38961,5.246753247,0.8961038961
LuvyChan8778,68,235,69,0.29,166,"180,744",418,363,769.1234043,1.778723404,1.544680851
justMuzan15,69,260,68,0.26,190,"153,193",467,357,589.2038462,1.796153846,1.373076923
Kot9285,70,74,68,0.92,6,"53,595",348,96,724.2567568,4.702702703,1.297297297
maxblanket05,71,139,68,0.49,70,"99,075",302,95,712.7697842,2.172661871,0.6834532374
SHIGEN58522,72,148,68,0.46,78,"125,042",547,355,844.8783784,3.695945946,2.398648649
I Purpled I,73,106,68,0.64,37,"102,552",504,275,967.4716981,4.754716981,2.594339623
Elizaveta18821,74,108,67,0.62,41,"76,125",380,96,704.8611111,3.518518519,0.8888888889
SonicBoosterJet,75,165,66,0.40,93,"87,378",334,326,529.5636364,2.024242424,1.975757576
FutileCobra,76,446,66,0.15,371,"235,896",808,"1,182",528.9147982,1.811659193,2.650224215
FAM AND TAX,77,168,64,0.38,95,"142,094",558,461,845.797619,3.321428571,2.744047619
FourSiren120741,78,157,64,0.41,93,"148,115",441,98,943.4076433,2.808917197,0.6242038217
tsukikun26,79,129,64,0.50,63,"81,383",342,182,630.875969,2.651162791,1.410852713
HoczQ,80,109,63,0.58,45,"100,368",297,101,920.8073394,2.724770642,0.9266055046
qRedblu,81,96,62,0.65,33,"87,441",308,183,910.84375,3.208333333,1.90625
ColdMcFlurry711,82,184,62,0.34,112,"104,695",624,453,568.9945652,3.391304348,2.461956522
TeakBoot,83,192,62,0.32,129,"135,545",324,433,705.9635417,1.6875,2.255208333
MesonicNewt115,84,119,61,0.51,56,"82,298",406,172,691.5798319,3.411764706,1.445378151
zR1qochet,85,110,61,0.55,43,"103,388",454,299,939.8909091,4.127272727,2.718181818
mvrtss,86,62,61,0.98,1,"70,335",392,63,1134.435484,6.322580645,1.016129032
Mamabear2606,87,122,61,0.50,61,"93,826",334,162,769.0655738,2.737704918,1.327868852
Mig6l,88,74,61,0.82,13,"64,557",144,111,872.3918919,1.945945946,1.5
II TONY JR II,89,75,61,0.81,13,"74,196",352,43,989.28,4.693333333,0.5733333333
CrimsonJvne,90,72,61,0.85,9,"54,045",313,37,750.625,4.347222222,0.5138888889
Sm1l3 F1N,91,83,60,0.72,23,"80,436",344,96,969.1084337,4.144578313,1.156626506
HomelikeMite257,92,120,59,0.49,59,"111,608",377,179,930.0666667,3.141666667,1.491666667
ILIKEOBSIDIAN,93,108,59,0.55,48,"92,802",321,230,859.2777778,2.972222222,2.12962963
Evander7401,94,153,59,0.39,92,"95,875",434,146,626.6339869,2.836601307,0.954248366
Mr Blue Sky4868,95,"1,029",58,0.06,930,"425,979",952,4,413.9737609,0.925170068,0.003887269193
AAM0122,96,90,58,0.64,30,"79,020",332,76,878,3.688888889,0.8444444444
NoKings00000,97,96,58,0.60,36,"70,763",338,70,737.1145833,3.520833333,0.7291666667
JosiahMC8866,98,218,58,0.27,158,"138,630",405,629,635.9174312,1.857798165,2.885321101
DuncanQuinn,99,225,58,0.26,163,"150,376",406,728,668.3377778,1.804444444,3.235555556
Mohitbrom,100,297,58,0.20,221,"156,647",324,375,527.4309764,1.090909091,1.262626263
Tahriq16YT,1,"1,679","1,616",0.96,60,"1,152,737","7,346","2,663",686.5616438,4.375223347,1.586063133
AerobicHarp4277,2,781,655,0.84,104,"526,950","2,778",183,674.7119078,3.556978233,0.2343149808
Samcraft42,3,672,652,0.97,19,"517,990","2,802",686,770.8184524,4.169642857,1.020833333
hearts820725,4,618,513,0.83,103,"580,907","2,900",421,939.9789644,4.692556634,0.6812297735
S04ky,5,465,450,0.97,15,"347,933","2,127",392,748.2430108,4.574193548,0.8430107527
Lee1387,6,413,401,0.97,12,"317,884","1,811",137,769.6949153,4.384987893,0.3317191283
Yuzuriha851310,7,478,354,0.74,117,"387,779","2,306",794,811.2531381,4.824267782,1.661087866
lolNolan,8,310,294,0.95,14,"222,582","1,549",263,718.0064516,4.996774194,0.8483870968
soccerdude20095,9,343,202,0.59,127,"224,809",776,195,655.4198251,2.262390671,0.5685131195
REA1204,10,230,186,0.81,31,"245,138","1,355",155,1065.817391,5.891304348,0.6739130435
Axolot13431,11,461,172,0.37,279,"405,556","1,048",8,879.7310195,2.273318872,0.01735357918
justMuzan15,12,623,165,0.26,450,"372,342","1,134","1,032",597.6597111,1.820224719,1.656500803
wriestcrayon429,13,238,153,0.64,85,"196,989",785,563,827.6848739,3.298319328,2.365546218
FourSiren120741,14,358,145,0.41,211,"343,062",992,203,958.273743,2.770949721,0.5670391061
MARIYA101111,15,244,140,0.57,103,"175,125",618,390,717.7254098,2.532786885,1.598360656
NachoooMC,16,206,132,0.64,74,"202,430",740,233,982.6699029,3.59223301,1.131067961
Linki1983,17,254,130,0.51,122,"209,531",616,109,824.9251969,2.42519685,0.4291338583
OutragedRelic22,18,228,130,0.57,94,"173,595",638,267,761.3815789,2.798245614,1.171052632
SpiffyChikn,19,251,127,0.51,116,"175,143",686,574,697.7808765,2.733067729,2.28685259
TakeoutCrib7553,20,262,122,0.47,135,"319,089","1,111",491,1217.896947,4.240458015,1.874045802
LovelyHarpa,21,148,108,0.73,32,"144,789",738,255,978.3040541,4.986486486,1.722972973
SirTobiiias,22,177,107,0.60,66,"140,760",710,254,795.2542373,4.011299435,1.435028249
AsleepSun7019,23,187,101,0.54,83,"156,046",545,147,834.4705882,2.914438503,0.7860962567
RichVoyage19517,24,130,100,0.77,27,"164,311",642,119,1263.930769,4.938461538,0.9153846154
AquaTadpole9928,25,145,100,0.69,44,"127,557",361,190,879.7034483,2.489655172,1.310344828
DillyBiggz,26,188,99,0.53,82,"171,866",588,635,914.1808511,3.127659574,3.377659574
GAC16,27,142,99,0.70,43,"126,480",589,136,890.7042254,4.147887324,0.9577464789
Yeban99oo4862,28,197,97,0.49,96,"168,850",649,278,857.106599,3.294416244,1.411167513
MaxElpana6410,29,182,97,0.53,76,"139,868",501,119,768.5054945,2.752747253,0.6538461538
Alynerr,30,168,97,0.58,59,"139,413",628,305,829.8392857,3.738095238,1.81547619
Profroghunter,31,119,96,0.81,23,"115,060",481,94,966.8907563,4.042016807,0.7899159664
Rerreee8742,32,195,94,0.48,32,"98,310",427,101,504.1538462,2.18974359,0.5179487179
TYzxinmar,33,109,93,0.85,16,"106,361",529,84,975.7889908,4.853211009,0.7706422018
CipherShell,34,107,91,0.85,14,"84,432",479,121,789.0841121,4.476635514,1.130841121
Ivytwo,35,119,90,0.76,15,"95,832",430,104,805.3109244,3.613445378,0.8739495798
ImportedLake177,36,99,89,0.90,10,"102,994",478,57,1040.343434,4.828282828,0.5757575758
Tomad2005,37,137,88,0.64,44,"122,491",501,53,894.0948905,3.656934307,0.3868613139
Mikyy1140,38,130,86,0.66,37,"116,013",328,178,892.4076923,2.523076923,1.369230769
MeekToe1422,39,184,84,0.46,99,"155,274",679,330,843.8804348,3.690217391,1.793478261
Darkzin2983,40,130,81,0.62,46,"97,332",364,93,748.7076923,2.8,0.7153846154
Thrylos22719,41,182,81,0.45,101,"191,057",395,11,1049.763736,2.17032967,0.06043956044
SignedSoup7201,42,194,81,0.42,104,"138,186",587,356,712.2989691,3.025773196,1.835051546
tommybest12370,43,181,78,0.43,92,"122,124",408,330,674.718232,2.254143646,1.82320442
Catvpick,44,150,78,0.52,72,"114,477",617,246,763.18,4.113333333,1.64
Hayato10123620,45,234,75,0.32,153,"157,341",630,611,672.3974359,2.692307692,2.611111111
oMqex,46,168,74,0.44,92,"139,407",445,233,829.8035714,2.648809524,1.386904762
BobbyBarty,47,135,71,0.53,51,"99,081",406,183,733.9333333,3.007407407,1.355555556
Katch 22,48,115,70,0.61,45,"102,747",388,143,893.4521739,3.373913043,1.243478261
HomelikeMite257,49,156,69,0.44,84,"150,860",441,207,967.0512821,2.826923077,1.326923077
CUTE CREAM9121,50,250,68,0.27,173,"174,482",529,696,697.928,2.116,2.784
Ryder93149743,51,122,68,0.56,52,"97,861",411,191,802.1393443,3.368852459,1.56557377
DarwinEX123,52,99,67,0.68,30,"80,214",401,144,810.2424242,4.050505051,1.454545455
sinsin122,53,167,66,0.40,92,"94,934",614,418,568.4670659,3.676646707,2.502994012
TaupeData249056,54,128,66,0.52,53,"125,516",613,277,980.59375,4.7890625,2.1640625
APRICOT159,55,96,65,0.68,31,"75,375",424,161,785.15625,4.416666667,1.677083333
Buraizx012,56,105,65,0.62,39,"142,259",728,247,1354.847619,6.933333333,2.352380952
Tobi3DHD,57,110,65,0.59,43,"80,852",321,179,735.0181818,2.918181818,1.627272727
dabirb3612,58,122,64,0.52,57,"93,402",329,195,765.5901639,2.696721311,1.598360656
RedFoxNinja90,59,72,64,0.89,7,"58,954",326,22,818.8055556,4.527777778,0.3055555556
ItsE1ght,60,85,64,0.75,21,"75,693",393,111,890.5058824,4.623529412,1.305882353
JadeTheBlade327,61,113,64,0.57,49,"75,184",370,229,665.3451327,3.274336283,2.026548673
Souhimoya,62,117,63,0.54,54,"107,175",443,132,916.025641,3.786324786,1.128205128
Buzzybeegamer,63,123,63,0.51,60,"93,334",351,348,758.8130081,2.853658537,2.829268293
TeakBoot,64,185,63,0.34,122,"137,173",239,196,741.4756757,1.291891892,1.059459459
Sombrero45,65,122,63,0.52,55,"100,583",521,219,824.4508197,4.270491803,1.795081967
xTvoY ZakaTx,66,96,62,0.65,29,"67,416",214,89,702.25,2.229166667,0.9270833333
ColdBrew825432,67,169,61,0.36,106,"115,825",237,188,685.3550296,1.402366864,1.112426036
Niklascraft1907,68,154,61,0.40,89,"118,802",317,239,771.4415584,2.058441558,1.551948052
MrFungus9610,69,131,61,0.47,62,"20,095",52,13,153.3969466,0.3969465649,0.09923664122
DeepCharmz,70,101,60,0.59,40,"94,521",408,137,935.8514851,4.03960396,1.356435644
FrontFlyer39534,71,309,59,0.19,243,"193,405",509,926,625.9061489,1.647249191,2.996763754
xSelpas,72,63,59,0.94,4,"51,378",224,28,815.5238095,3.555555556,0.4444444444
Dewdrop3510,73,227,59,0.26,164,"160,029",361,275,704.9735683,1.59030837,1.211453744
Emerald57113531,74,89,59,0.66,24,"70,628",367,241,793.5730337,4.123595506,2.707865169
Cleudinho123,75,669,59,0.09,589,"399,768",817,454,597.5605381,1.22122571,0.6786248132
Crystall1fe,76,133,58,0.44,70,"112,609",333,258,846.6842105,2.503759398,1.939849624
willb106,77,86,57,0.66,28,"75,957",316,139,883.2209302,3.674418605,1.61627907
champions4786,78,134,57,0.43,75,"110,276",406,376,822.9552239,3.029850746,2.805970149
BustingItDown4U,79,112,57,0.51,55,"108,928",619,304,972.5714286,5.526785714,2.714285714
Wedsine309448,80,123,57,0.46,59,"106,617",351,155,866.804878,2.853658537,1.260162602
willxoxo uwu,81,67,55,0.82,10,"45,953",228,49,685.8656716,3.402985075,0.7313432836
exa,82,134,55,0.41,74,"93,595",321,248,698.4701493,2.395522388,1.850746269
GentleGold96110,83,78,55,0.71,20,"59,130",320,58,758.0769231,4.102564103,0.7435897436
GalwayGirlJP,84,74,55,0.74,19,"63,116",230,150,852.9189189,3.108108108,2.027027027
Ash Rubix,85,100,55,0.55,42,"90,506",340,48,905.06,3.4,0.48
im the best8041,86,100,54,0.54,45,"87,899",377,226,878.99,3.77,2.26
Wafflez7610,87,165,54,0.33,104,"123,552",349,295,748.8,2.115151515,1.787878788
Melchizedek7423,88,252,54,0.21,193,"167,110",602,636,663.1349206,2.388888889,2.523809524
rv3nzr0,89,201,54,0.27,137,"155,138",388,258,771.8308458,1.930348259,1.28358209
josecin770,90,103,54,0.52,45,"89,112",267,59,865.1650485,2.59223301,0.572815534
Dynamatron28,91,187,54,0.29,111,"106,673",404,379,570.4438503,2.160427807,2.026737968
Polacek5640,92,81,54,0.67,26,"69,521",210,119,858.2839506,2.592592593,1.469135802
Nixo990,93,108,53,0.49,53,"95,118",278,131,880.7222222,2.574074074,1.212962963
Herocrime4023,94,63,53,0.84,9,"60,806",256,116,965.1746032,4.063492063,1.841269841
Ali Gaming 0807,95,238,53,0.22,175,"145,331",360,333,610.6344538,1.512605042,1.399159664
BluBlitz6,96,99,53,0.54,42,"85,670",234,130,865.3535354,2.363636364,1.313131313
CaptainHC41,97,138,53,0.38,84,"107,379",413,333,778.1086957,2.992753623,2.413043478
CyberPollo8258,98,134,53,0.40,75,"98,333",346,50,733.8283582,2.582089552,0.3731343284
skinskin0329sur,99,277,53,0.19,217,"149,555",430,544,539.9097473,1.55234657,1.963898917
CivilSatyr51424,100,121,53,0.44,56,"96,149",302,17,794.6198347,2.495867769,0.1404958678
Tahriq16YT,1,"1,698","1,616",0.95,73,"1,152,862","7,273","2,422",678.9528857,4.283274441,1.426383981
S04ky,2,756,734,0.97,18,"552,878","3,477",740,731.3201058,4.599206349,0.9788359788
qDzrk,3,610,442,0.72,167,"493,321","2,513",822,808.7229508,4.119672131,1.347540984
CipherShell,4,548,433,0.79,108,"448,682","2,611",930,818.7627737,4.76459854,1.697080292
lolNolan,5,411,381,0.93,24,"298,665","1,782",259,726.6788321,4.335766423,0.6301703163
Eggy 399,6,381,275,0.72,71,"193,020","1,433",521,506.6141732,3.761154856,1.367454068
REA1204,7,330,271,0.82,41,"367,869","2,036",200,1114.754545,6.16969697,0.6060606061
RedFoxNinja90,8,291,250,0.86,32,"244,740","1,507",112,841.0309278,5.178694158,0.3848797251
GG Andrew XD,9,479,235,0.49,235,"335,228","2,121","1,376",699.8496868,4.427974948,2.872651357
stevewither7,10,237,230,0.97,7,"180,943",926,138,763.4725738,3.907172996,0.582278481
MARIYA101111,11,454,225,0.50,224,"317,390","1,108",764,699.0969163,2.440528634,1.682819383
ImportedLake177,12,246,218,0.89,25,"253,616","1,378",133,1030.95935,5.601626016,0.5406504065
DeepCharmz,13,317,211,0.67,105,"298,968","1,336",419,943.1167192,4.214511041,1.321766562
HTViking,14,242,195,0.81,47,"250,512","1,510",243,1035.173554,6.239669421,1.004132231
II TONY JR II,15,226,171,0.76,49,"211,038",936,173,933.7964602,4.14159292,0.7654867257
nt0SKRNL,16,192,161,0.84,31,"142,752",574,170,743.5,2.989583333,0.8854166667
ilahzi,17,241,151,0.63,84,"202,545",838,345,840.4356846,3.477178423,1.43153527
EXD Gusss,18,242,149,0.62,91,"209,791","1,022",410,866.9049587,4.223140496,1.694214876
HighwireYiff,19,235,147,0.63,87,"219,574","1,363",444,934.3574468,5.8,1.889361702
xRqbid,20,156,144,0.92,11,"121,724",643,91,780.2820513,4.121794872,0.5833333333
MiguelFacte,21,157,142,0.90,14,"145,260",718,109,925.2229299,4.573248408,0.6942675159
GalwayGirlJP,22,178,139,0.78,31,"157,830",631,328,886.6853933,3.54494382,1.842696629
GibborHosea,23,455,135,0.30,307,"305,267",837,735,670.9164835,1.83956044,1.615384615
Yuzuriha851310,24,185,133,0.72,45,"134,457",821,267,726.7945946,4.437837838,1.443243243
Biotinuwu,25,291,126,0.43,161,"253,444",879,580,870.9415808,3.020618557,1.993127148
Scoopy2006,26,197,123,0.62,71,"172,792",621,305,877.1167513,3.152284264,1.54822335
Profroghunter,27,190,121,0.64,68,"187,240",694,251,985.4736842,3.652631579,1.321052632
Wonderz8696,28,340,120,0.35,207,"263,168",644,1,774.0235294,1.894117647,0.002941176471
Simple2Win,29,197,117,0.59,59,"10,232",28,41,51.93908629,0.1421319797,0.2081218274
SKY CRAFT661,30,227,117,0.52,107,"181,123",638,386,797.8986784,2.810572687,1.700440529
justMuzan15,31,691,116,0.17,569,"362,464",780,"1,162",524.5499276,1.128798842,1.681620839
MaxElpana6410,32,238,113,0.47,81,"181,294",628,137,761.7394958,2.638655462,0.5756302521
Vaghalla,33,158,112,0.71,34,"131,560",398,191,832.6582278,2.518987342,1.208860759
wriestcrayon429,34,195,112,0.57,81,"171,195",609,444,877.9230769,3.123076923,2.276923077
ulq1o,35,162,110,0.68,44,"132,354",544,153,817,3.358024691,0.9444444444
aintlew7199,36,318,108,0.34,202,"264,175",951,410,830.7389937,2.990566038,1.289308176
QueFlowers,37,190,104,0.55,72,"177,067",790,228,931.9315789,4.157894737,1.2
OutragedRelic22,38,196,102,0.52,91,"141,458",514,265,721.7244898,2.62244898,1.352040816
SammyPreyOvO,39,148,98,0.66,42,"151,368",711,318,1022.756757,4.804054054,2.148648649
SoughtBook46787,40,267,96,0.36,148,"186,237",449,550,697.5168539,1.68164794,2.059925094
FrontFlyer39534,41,368,94,0.26,256,"244,770",585,"1,057",665.1358696,1.589673913,2.872282609
TakeoutCrib7553,42,236,94,0.40,131,"228,620",809,389,968.7288136,3.427966102,1.648305085
PoorCat,43,121,93,0.77,26,"52,570",532,193,434.4628099,4.396694215,1.595041322
Marcospro7235,44,159,93,0.58,63,"124,646",631,353,783.9371069,3.968553459,2.220125786
TYzxinmar,45,113,91,0.81,21,"112,401",568,86,994.699115,5.026548673,0.7610619469
Miruzyamu,46,150,91,0.61,56,"110,200",485,85,734.6666667,3.233333333,0.5666666667
Wedsine309448,47,183,88,0.48,86,"161,508",565,129,882.557377,3.087431694,0.7049180328
caIigk,48,89,87,0.98,2,"73,315",476,20,823.7640449,5.348314607,0.2247191011
RedFlqre,49,88,84,0.95,4,"75,575",402,33,858.8068182,4.568181818,0.375
hezzeus,50,116,84,0.72,23,"105,055",473,176,905.6465517,4.077586207,1.517241379
NpC1200,51,117,82,0.70,35,"113,813",385,122,972.7606838,3.290598291,1.042735043
calamari510,52,101,81,0.80,20,"69,439",349,92,687.5148515,3.455445545,0.9108910891
BMvboulder013,53,193,81,0.42,108,"125,253",596,448,648.9792746,3.088082902,2.321243523
Donut3x,54,171,81,0.47,90,"119,564",460,304,699.2046784,2.69005848,1.777777778
XxBavovnAxX,55,146,80,0.55,61,"93,173",446,228,638.1712329,3.054794521,1.561643836
Abditive Sun,56,104,80,0.77,24,"97,688",495,127,939.3076923,4.759615385,1.221153846
SushantFX,57,252,79,0.31,153,"216,531",612,326,859.25,2.428571429,1.293650794
CHE GU4VARA,58,174,78,0.45,86,"121,134",385,311,696.1724138,2.212643678,1.787356322
PucePluto345546,59,188,76,0.40,109,"128,354",422,379,682.7340426,2.244680851,2.015957447
Kog080974852,60,162,76,0.47,84,"133,030",351,108,821.1728395,2.166666667,0.6666666667
Quuacked,61,85,75,0.88,5,"58,088",350,43,683.3882353,4.117647059,0.5058823529
II Auror II,62,185,74,0.40,110,"160,599",448,268,868.1027027,2.421621622,1.448648649
V Cailyx V,63,103,74,0.72,28,"104,189",314,161,1011.543689,3.048543689,1.563106796
BurningBrady,64,102,74,0.73,23,"81,137",261,160,795.4607843,2.558823529,1.568627451
CatchingSand841,65,97,73,0.75,17,"77,269",300,144,796.5876289,3.092783505,1.484536082
Catvpick,66,148,73,0.49,73,"104,486",523,213,705.9864865,3.533783784,1.439189189
Rodawg4978,67,106,72,0.68,32,"66,439",298,93,626.7830189,2.811320755,0.8773584906
QwertyXD5157,68,400,72,0.18,304,"271,608",687,6,679.02,1.7175,0.015
bneoni,69,93,72,0.77,21,"79,726",326,127,857.2688172,3.505376344,1.365591398
AlienBiscuit125,70,100,71,0.71,29,"89,336",386,120,893.36,3.86,1.2
endaaman22,71,221,71,0.32,147,"190,077",880,643,860.0769231,3.981900452,2.909502262
Matteopuch,72,187,71,0.38,101,"121,892",636,343,651.828877,3.401069519,1.834224599
kxyuitq,73,143,71,0.50,71,"133,533",411,215,933.7972028,2.874125874,1.503496503
DillyBiggz,74,138,70,0.51,65,"125,901",402,455,912.326087,2.913043478,3.297101449
xTvoY ZakaTx,75,109,70,0.64,32,"80,978",287,129,742.9174312,2.633027523,1.183486239
TonyNoll315,76,120,70,0.58,47,"99,137",372,120,826.1416667,3.1,1
MaryPod2000,77,147,69,0.47,57,"88,981",387,253,605.3129252,2.632653061,1.721088435
Matsuri 3800,78,185,68,0.37,116,"143,510",464,234,775.7297297,2.508108108,1.264864865
GentleGold96110,79,105,67,0.64,36,"83,501",395,78,795.247619,3.761904762,0.7428571429
WearyEagle77054,80,420,67,0.16,325,"236,032",735,883,561.9809524,1.75,2.102380952
Mekuron2189,81,116,66,0.57,42,"118,879",486,227,1024.818966,4.189655172,1.956896552
SijenFox16,82,178,66,0.37,110,"144,427",348,17,811.3876404,1.95505618,0.09550561798
Fx general68,83,178,66,0.37,100,"135,878",439,444,763.3595506,2.466292135,2.494382022
The Scary7239,84,172,66,0.38,98,"112,946",448,298,656.6627907,2.604651163,1.73255814
Zuliki120124,85,190,64,0.34,124,"139,379",384,175,733.5736842,2.021052632,0.9210526316
AsleepSun7019,86,136,64,0.47,69,"123,564",215,114,908.5588235,1.580882353,0.8382352941
MaroCat9181,87,211,63,0.30,146,"156,952",282,323,743.8483412,1.336492891,1.530805687
EndingWindow341,88,106,63,0.59,43,"104,361",371,181,984.5377358,3.5,1.70754717
Itwxrd,89,134,63,0.47,59,"99,871",382,225,745.3059701,2.850746269,1.679104478
NullMuenze25,90,92,62,0.67,23,"84,757",416,133,921.2717391,4.52173913,1.445652174
Sniperpup90,91,169,61,0.36,105,"121,954",451,304,721.6213018,2.668639053,1.798816568
im iw fr,92,65,61,0.94,4,"45,230",228,84,695.8461538,3.507692308,1.292307692
ninotan 111,93,87,60,0.69,27,"83,979",281,61,965.2758621,3.229885057,0.7011494253
Sombrero45,94,134,59,0.44,74,"104,115",493,290,776.9776119,3.679104478,2.164179104
totocax,95,127,59,0.46,68,"111,470",375,224,877.7165354,2.952755906,1.763779528
LxnaBtw,96,104,58,0.56,45,"72,414",396,174,696.2884615,3.807692308,1.673076923
Chrissi12515,97,110,58,0.53,52,"85,469",355,148,776.9909091,3.227272727,1.345454545
CinniPuppi,98,152,58,0.38,93,"116,172",347,133,764.2894737,2.282894737,0.875
Gijsv076,99,108,58,0.54,48,"86,821",279,100,803.8981481,2.583333333,0.9259259259
TenthActor46404,100,89,58,0.65,29,"74,677",347,107,839.0674157,3.898876404,1.202247191
S04ky,1,"1,118","1,063",0.95,54,"837,236","5,141","1,290",748.8694097,4.598389982,1.153846154
Swring32,2,664,635,0.96,22,"554,944","2,570",316,835.7590361,3.870481928,0.4759036145
Tahriq16YT,3,507,484,0.95,22,"346,095","2,311",810,682.6331361,4.558185404,1.597633136
GG Andrew XD,4,739,356,0.48,370,"534,734","3,006","2,006",723.5913396,4.067658999,2.714479026
OutragedRelic22,5,599,256,0.43,334,"432,349","1,371",624,721.7846411,2.288814691,1.041736227
IckyPat,6,531,226,0.43,268,"362,623","1,626",561,682.905838,3.062146893,1.056497175
Yuzuriha851310,7,296,224,0.76,71,"223,278","1,479",491,754.3175676,4.996621622,1.658783784
RedFoxNinja90,8,218,192,0.88,24,"181,473","1,214",108,832.4449541,5.568807339,0.495412844
DeepCharmz,9,376,190,0.51,186,"330,290","1,278",553,878.4308511,3.39893617,1.470744681
Samcraft42,10,195,187,0.96,8,"167,868",764,248,860.8615385,3.917948718,1.271794872
unscrewer,11,199,175,0.88,14,"143,596",940,132,721.5879397,4.72361809,0.6633165829
Scoopy2006,12,284,173,0.61,111,"251,829",867,412,886.721831,3.052816901,1.450704225
AerobicHarp4277,13,200,156,0.78,41,"105,102",585,50,525.51,2.925,0.25
KassandraShch13,14,385,144,0.37,170,"143,575",669,328,372.9220779,1.737662338,0.8519480519
TYzxinmar,15,167,137,0.82,24,"168,202",784,151,1007.197605,4.694610778,0.9041916168
SpiffyTable7286,16,302,135,0.45,148,"235,753",729,309,780.6390728,2.413907285,1.023178808
SoughtBook46787,17,427,135,0.32,266,"294,715",636,"1,053",690.1990632,1.489461358,2.466042155
REA1204,18,153,126,0.82,24,"175,759",967,112,1148.751634,6.320261438,0.7320261438
willxoxo uwu,19,139,124,0.89,13,"111,750",542,103,803.9568345,3.899280576,0.7410071942
caIigk,20,119,113,0.95,5,"99,482",614,28,835.9831933,5.159663866,0.2352941176
Rerreee8742,21,208,111,0.53,45,"122,089",513,155,586.9663462,2.466346154,0.7451923077
Rodawg4978,22,168,109,0.65,56,"116,078",500,107,690.9404762,2.976190476,0.6369047619
CqrtsMC,23,297,104,0.35,185,"232,345",991,628,782.3063973,3.336700337,2.114478114
Miruzyamu,24,180,103,0.57,76,"130,400",510,129,724.4444444,2.833333333,0.7166666667
ItzzCandle,25,193,102,0.53,83,"163,981",412,261,849.642487,2.134715026,1.352331606
A Kelp Goose,26,121,101,0.83,20,"110,849",592,71,916.107438,4.892561983,0.5867768595
MARIYA101111,27,261,100,0.38,154,"210,879",559,385,807.9655172,2.141762452,1.475095785
GentleGold96110,28,141,95,0.67,44,"118,633",559,125,841.3687943,3.964539007,0.8865248227
QwertyXD5157,29,487,94,0.19,381,"347,482",903,4,713.5154004,1.854209446,0.008213552361
Pon4ik561,30,194,90,0.46,101,"138,820",475,118,715.5670103,2.448453608,0.6082474227
qDzrk,31,118,90,0.76,27,"99,576",545,163,843.8644068,4.618644068,1.381355932
UltraMarine2532,32,163,88,0.54,75,"144,738",567,404,887.9631902,3.478527607,2.478527607
AudioOrca810193,33,153,88,0.58,64,"120,547",487,361,787.8888889,3.183006536,2.359477124
Josh81284,34,319,84,0.26,222,"197,772",608,137,619.9749216,1.905956113,0.4294670846
USHLEPOKUSS,35,103,84,0.82,17,"99,074",443,123,961.8834951,4.300970874,1.194174757
LabLab5641,36,141,83,0.59,58,"108,438",540,202,769.0638298,3.829787234,1.432624113
calamari510,37,108,81,0.75,27,"80,114",350,125,741.7962963,3.240740741,1.157407407
RussellViking,38,250,80,0.32,162,"120,955",388,545,483.82,1.552,2.18
Angelcatnap9379,39,245,79,0.32,161,"157,148",768,652,641.4204082,3.134693878,2.66122449
dekamogura123,40,133,76,0.57,57,"130,520",386,461,981.3533835,2.902255639,3.466165414
SlaYeR9281,41,143,76,0.53,67,"136,016",518,240,951.1608392,3.622377622,1.678321678
RubyHealer63504,42,131,75,0.57,56,"113,541",488,97,866.7251908,3.72519084,0.7404580153
Fbilyas67,43,124,74,0.60,44,"116,469",441,240,939.266129,3.556451613,1.935483871
cMc2170,44,132,74,0.56,56,"110,122",341,122,834.2575758,2.583333333,0.9242424242
SAMET TURK8933,45,136,73,0.54,61,"100,329",318,369,737.7132353,2.338235294,2.713235294
Mich30xd,46,121,73,0.60,43,"114,030",455,91,942.3966942,3.760330579,0.7520661157
Tati11s,47,176,72,0.41,98,"190,431",741,391,1081.994318,4.210227273,2.221590909
RiddlingSloth84,48,137,72,0.53,65,"119,279",416,208,870.649635,3.03649635,1.518248175
Mokten7224,49,214,71,0.33,143,"160,113",551,525,748.1915888,2.574766355,2.453271028
Nancha9278,50,138,71,0.51,66,"136,600",712,256,989.8550725,5.15942029,1.855072464
zlqvz,51,161,71,0.44,86,"116,238",436,331,721.9751553,2.708074534,2.055900621
FlameFrags1457,52,145,71,0.49,68,"111,665",499,257,770.1034483,3.44137931,1.772413793
Orksbanane,53,211,71,0.34,139,"119,922",350,258,568.3507109,1.658767773,1.222748815
mainbeacon,54,123,69,0.56,50,"113,019",380,53,918.8536585,3.089430894,0.4308943089
BronzeWolf34367,55,236,69,0.29,153,"15,000",46,117,63.55932203,0.1949152542,0.4957627119
Luz27047642,56,340,69,0.20,263,"214,420",432,600,630.6470588,1.270588235,1.764705882
semiii1519,57,122,68,0.56,51,"101,971",412,143,835.8278689,3.37704918,1.172131148
Xboxspeare,58,155,68,0.44,83,"123,000",388,224,793.5483871,2.503225806,1.44516129
Wedsine309448,59,117,68,0.58,43,"95,621",278,11,817.2735043,2.376068376,0.09401709402
Regard Zero,60,81,67,0.83,14,"74,758",303,35,922.9382716,3.740740741,0.4320987654
Indecisive24849,61,129,67,0.52,62,"122,321",401,228,948.2248062,3.108527132,1.76744186
JonnyJonny888,62,154,67,0.44,87,"114,497",512,365,743.487013,3.324675325,2.37012987
someone7329,63,215,67,0.31,146,"153,537",632,584,714.1255814,2.939534884,2.71627907
ClawedOx9342183,64,323,65,0.20,243,"151,654",633,962,469.5170279,1.959752322,2.978328173
FawnAquaBoy,65,140,65,0.46,73,"103,697",410,319,740.6928571,2.928571429,2.278571429
Grimcxt,66,135,65,0.48,68,"102,038",411,265,755.837037,3.044444444,1.962962963
Kevin085113,67,90,65,0.72,25,"70,959",250,106,788.4333333,2.777777778,1.177777778
Ak47TechnoOP,68,177,65,0.37,98,"133,828",643,481,756.0903955,3.632768362,2.717514124
kou8261,69,95,65,0.68,30,"69,127",423,120,727.6526316,4.452631579,1.263157895
Asixx1408,70,103,64,0.62,36,"74,308",377,167,721.4368932,3.660194175,1.621359223
ConManMCBR,71,122,64,0.52,55,"90,488",380,111,741.704918,3.114754098,0.9098360656
Katch 22,72,121,63,0.52,57,"111,435",415,201,920.9504132,3.429752066,1.661157025
MCAllisMCPE,73,112,61,0.54,51,"78,008",380,204,696.5,3.392857143,1.821428571
ninotan 111,74,93,61,0.66,31,"92,105",320,67,990.3763441,3.440860215,0.7204301075
SphinxErde5491,75,101,60,0.59,35,"87,761",226,84,868.9207921,2.237623762,0.8316831683
Westywest2002,76,191,60,0.31,126,"160,699",572,349,841.3560209,2.994764398,1.827225131
Karubi0407,77,174,60,0.34,114,"166,544",418,101,957.1494253,2.402298851,0.5804597701
Kkoala66,78,150,60,0.40,87,"100,550",378,330,670.3333333,2.52,2.2
Zuomii,79,105,60,0.57,31,"99,040",285,112,943.2380952,2.714285714,1.066666667
FlixendFlice360,80,89,59,0.66,28,"64,945",284,150,729.7191011,3.191011236,1.685393258
GG Kronix,81,62,59,0.95,3,"66,199",405,70,1067.725806,6.532258065,1.129032258
Chrissi12515,82,88,58,0.66,30,"70,618",304,62,802.4772727,3.454545455,0.7045454545
BowTigerr,83,91,58,0.64,33,"77,620",460,232,852.967033,5.054945055,2.549450549
Heriberto220,84,153,58,0.38,95,"129,611",431,169,847.130719,2.816993464,1.104575163
St4yLost,85,173,58,0.34,111,"106,745",607,386,617.0231214,3.50867052,2.231213873
Fredi 250510,86,119,58,0.49,55,"87,421",422,212,734.6302521,3.546218487,1.781512605
CoolArson,87,147,57,0.39,73,"85,956",329,189,584.7346939,2.238095238,1.285714286
TakeoutCrib7553,88,159,57,0.36,97,"126,560",414,314,795.9748428,2.603773585,1.974842767
Itwxrd,89,110,57,0.52,51,"86,537",296,192,786.7,2.690909091,1.745454545
ryo floww,90,86,57,0.66,29,"47,181",280,139,548.6162791,3.255813953,1.61627907
KSnoopyx2,91,97,56,0.58,40,"71,525",274,154,737.371134,2.824742268,1.587628866
craftycat9066,92,158,56,0.35,102,"116,196",297,267,735.4177215,1.879746835,1.689873418
will rubn,93,106,56,0.53,45,"88,715",437,199,836.9339623,4.122641509,1.877358491
BellatriX2336,94,205,55,0.27,149,"123,754",142,39,603.6780488,0.6926829268,0.1902439024
alwcz,95,126,55,0.44,63,"106,817",426,261,847.7539683,3.380952381,2.071428571
xxluk1e,96,122,55,0.45,67,"94,082",402,337,771.1639344,3.295081967,2.762295082
SnowFire3912,97,88,54,0.61,32,"82,576",375,131,938.3636364,4.261363636,1.488636364
PIRIO1134,98,58,54,0.93,4,"57,692",249,59,994.6896552,4.293103448,1.017241379
ItzDuquy,99,184,54,0.29,125,"130,618",451,480,709.8804348,2.451086957,2.608695652
StylesLegacy,100,153,53,0.35,100,"92,897",334,281,607.1699346,2.183006536,1.836601307
Tahriq16YT,1,"1,582","1,516",0.96,60,"1,070,506","6,947","2,403",676.6788875,4.391276865,1.518963338
nt0SKRNL,2,414,363,0.88,51,"322,252","1,408",276,778.3864734,3.400966184,0.6666666667
io mission,3,655,355,0.54,259,"449,735","2,895","1,955",686.6183206,4.419847328,2.984732824
IckyPat,4,756,283,0.37,411,"482,299","2,004",722,637.9616402,2.650793651,0.955026455
calamari510,5,322,265,0.82,52,"250,025","1,217",314,776.4751553,3.779503106,0.9751552795
Bennett Poplar,6,434,235,0.54,198,"367,283","1,082",474,846.2741935,2.493087558,1.092165899
willxoxo uwu,7,204,196,0.96,8,"155,794",903,113,763.6960784,4.426470588,0.5539215686
ChikenJowkey,8,514,195,0.38,260,"347,454","1,229",250,675.9805447,2.391050584,0.486381323
REA1204,9,249,194,0.78,46,"256,382","1,435",174,1029.646586,5.763052209,0.6987951807
CoolCoyote96130,10,303,184,0.61,114,"256,793","1,174",556,847.5016502,3.874587459,1.834983498
RedFoxNinja90,11,204,178,0.87,24,"165,243","1,059",64,810.0147059,5.191176471,0.3137254902
Miruzyamu,12,302,171,0.57,130,"215,831",958,168,714.6721854,3.17218543,0.5562913907
okacola476,13,180,164,0.91,16,"125,003",934,184,694.4611111,5.188888889,1.022222222
dekamogura123,14,286,163,0.57,123,"260,770",826,970,911.7832168,2.888111888,3.391608392
ImportedLake177,15,155,140,0.90,13,"162,667",833,80,1049.464516,5.374193548,0.5161290323
TenthActor46404,16,195,140,0.72,54,"150,944",726,178,774.0717949,3.723076923,0.9128205128
ASRIEAL,17,168,137,0.82,27,"157,147",667,175,935.3988095,3.970238095,1.041666667
BBILLIONS07,18,172,134,0.78,35,"171,313",885,245,996.005814,5.145348837,1.424418605
GalindoGamerOOF,19,197,132,0.67,61,"136,493",844,283,692.857868,4.284263959,1.436548223
Timplays6459,20,359,128,0.36,227,"241,977",823,858,674.0306407,2.292479109,2.389972145
Pon4ik561,21,218,123,0.56,91,"168,164",598,172,771.3944954,2.743119266,0.7889908257
TeddyCoco16,22,169,123,0.73,45,"106,440",581,102,629.8224852,3.437869822,0.6035502959
Yuzuriha851310,23,182,121,0.66,60,"151,726",948,350,833.6593407,5.208791209,1.923076923
Swring32,24,125,120,0.96,4,"113,881",518,68,911.048,4.144,0.544
KassandraShch13,25,254,118,0.46,96,"109,079",466,274,429.4448819,1.834645669,1.078740157
GalwayGirlJP,26,142,113,0.80,27,"131,668",477,281,927.2394366,3.35915493,1.978873239
Riku10096509,27,219,110,0.50,107,"147,435",865,468,673.2191781,3.949771689,2.136986301
Sumel272,28,189,107,0.57,81,"158,056",761,330,836.2751323,4.026455026,1.746031746
Josh81284,29,356,106,0.30,246,"233,478",650,170,655.8370787,1.825842697,0.4775280899
Mich30xd,30,158,106,0.67,51,"160,457",597,128,1015.550633,3.778481013,0.8101265823
StylesLegacy,31,547,104,0.19,440,"296,724",785,"1,122",542.4570384,1.435100548,2.0511883
MJCP8,32,366,99,0.27,267,"243,564",969,"1,059",665.4754098,2.647540984,2.893442623
JadeTheBlade327,33,184,98,0.53,82,"132,262",688,480,718.8152174,3.739130435,2.608695652
malvernvillan,34,216,92,0.43,113,"161,388",582,44,747.1666667,2.694444444,0.2037037037
Farmdeegamertag,35,277,91,0.33,185,"206,340",803,582,744.9097473,2.898916968,2.101083032
Scoopy2006,36,132,91,0.69,41,"120,279",368,175,911.2045455,2.787878788,1.325757576
ZMEY115652,37,313,90,0.29,214,"208,681",506,509,666.7124601,1.616613419,1.626198083
kazukayomasa,38,182,90,0.49,76,"129,479",563,280,711.4230769,3.093406593,1.538461538
Mnos1249,39,213,89,0.42,115,"155,956",541,530,732.1877934,2.539906103,2.488262911
ErvinPNW,40,246,89,0.36,148,"201,747",596,315,820.1097561,2.422764228,1.280487805
Rerreee8742,41,157,88,0.56,48,"107,162",460,86,682.5605096,2.929936306,0.5477707006
bbaerr,42,122,81,0.66,37,"127,020",430,178,1041.147541,3.524590164,1.459016393
smashblob88,43,208,80,0.38,126,"141,453",646,417,680.0625,3.105769231,2.004807692
DynamiteDirt,44,224,80,0.36,139,"177,034",565,403,790.3303571,2.522321429,1.799107143
St4yLost,45,175,79,0.45,86,"126,012",783,464,720.0685714,4.474285714,2.651428571
BananaRuler418,46,179,78,0.44,95,"128,638",465,151,718.6480447,2.597765363,0.843575419
SebastianofB,47,178,78,0.44,96,"123,856",389,405,695.8202247,2.185393258,2.275280899
SoftPuppet11875,48,99,76,0.77,23,"85,306",389,71,861.6767677,3.929292929,0.7171717172
GalwayG1rl,49,93,76,0.82,16,"86,649",328,172,931.7096774,3.52688172,1.849462366
XItabooXx,50,133,76,0.57,54,"122,383",414,185,920.1729323,3.112781955,1.390977444
LooksterK123,51,163,75,0.46,84,"132,255",476,324,811.3803681,2.920245399,1.987730061
Shadowcreepers1,52,158,74,0.47,83,"136,557",549,205,864.2848101,3.474683544,1.297468354
Coldboy659,53,204,73,0.36,122,"159,430",505,353,781.5196078,2.475490196,1.730392157
Zainishta,54,115,71,0.62,42,"97,672",442,195,849.3217391,3.843478261,1.695652174
HelloWorld1912,55,189,70,0.37,111,"131,360",534,306,695.026455,2.825396825,1.619047619
smashblob44,56,254,68,0.27,182,"173,283",503,284,682.2165354,1.980314961,1.118110236
LuigiHG24,57,168,67,0.40,98,"92,544",304,189,550.8571429,1.80952381,1.125
Enthant8809,58,108,66,0.61,37,"62,276",283,181,576.6296296,2.62037037,1.675925926
mix7mix,59,77,66,0.86,10,"70,160",298,36,911.1688312,3.87012987,0.4675324675
SieniNeiti,60,79,65,0.82,14,"92,172",278,37,1166.734177,3.518987342,0.4683544304
ItsLorde,61,128,65,0.51,62,"88,563",367,221,691.8984375,2.8671875,1.7265625
TonyFerrari7776,62,130,65,0.50,60,"83,794",395,249,644.5692308,3.038461538,1.915384615
Ilovecopy,63,69,64,0.93,5,"49,113",334,65,711.7826087,4.84057971,0.9420289855
QwertyXD5157,64,272,64,0.24,203,"201,266",553,13,739.9485294,2.033088235,0.04779411765
zithiqi,65,78,64,0.82,14,"70,550",269,88,904.4871795,3.448717949,1.128205128
gangstalker9337,66,66,64,0.97,1,"44,635",336,76,676.2878788,5.090909091,1.151515152
Ikkdy,67,134,63,0.47,69,"123,913",392,251,924.7238806,2.925373134,1.873134328
GREATCASHTONIAN,68,123,62,0.50,56,"109,006",380,124,886.2276423,3.089430894,1.008130081
Seb637,69,102,62,0.61,33,"76,453",311,201,749.5392157,3.049019608,1.970588235
Angel kitten719,70,365,60,0.16,305,"202,036",560,825,553.5232877,1.534246575,2.260273973
KingOfTheE1645,71,118,60,0.51,48,"94,483",341,139,800.7033898,2.889830508,1.177966102
WornSheep063359,72,268,58,0.22,197,"140,865",412,397,525.6156716,1.537313433,1.481343284
ii AscenD x,73,230,58,0.25,164,"169,122",305,262,735.3130435,1.326086957,1.139130435
MolarChip704429,74,205,58,0.28,140,"158,373",540,498,772.5512195,2.634146341,2.429268293
InexactWriter60,75,127,58,0.46,69,"116,428",235,178,916.7559055,1.850393701,1.401574803
betelgeusehuge,76,375,58,0.15,306,"210,327",460,114,560.872,1.226666667,0.304
unscrewer,77,73,58,0.79,10,"48,026",325,54,657.890411,4.452054795,0.7397260274
veritylicious,78,73,57,0.78,13,"56,418",310,64,772.8493151,4.246575342,0.8767123288
ENZO BRINE2900,79,212,57,0.27,128,"139,302",244,19,657.0849057,1.150943396,0.08962264151
IronNATALIA14,80,287,56,0.20,230,"194,539",341,226,677.8362369,1.18815331,0.787456446
Akp8lfy,81,97,56,0.58,41,"90,330",431,163,931.2371134,4.443298969,1.680412371
Heriberto220,82,150,56,0.37,88,"120,901",376,219,806.0066667,2.506666667,1.46
Nancha9278,83,165,55,0.33,106,"126,292",624,281,765.4060606,3.781818182,1.703030303
FriedBarnacles,84,91,55,0.60,35,"80,264",364,71,882.021978,4,0.7802197802
Smolder93720,85,123,55,0.45,62,"90,804",424,265,738.2439024,3.447154472,2.154471545
Spiropapa18,86,162,55,0.34,106,"110,884",481,450,684.4691358,2.969135802,2.777777778
SashaKip2512,87,85,55,0.65,30,"64,614",218,114,760.1647059,2.564705882,1.341176471
Finqrly,88,69,54,0.78,11,"72,639",351,58,1052.73913,5.086956522,0.8405797101
rabuho,89,55,54,0.98,1,"39,341",330,54,715.2909091,6,0.9818181818
Nollaax,90,68,53,0.78,13,"65,540",8,68,963.8235294,0.1176470588,1
S04ky,91,58,53,0.91,5,"42,504",255,71,732.8275862,4.396551724,1.224137931
VaildSwine,92,90,52,0.58,37,"82,421",359,175,915.7888889,3.988888889,1.944444444
EmikoTheYandere,93,185,51,0.28,134,"141,403",288,394,764.3405405,1.556756757,2.12972973
TealGibbon66572,94,94,51,0.54,43,"81,177",329,55,863.5851064,3.5,0.585106383
Psalm91Bro,95,350,50,0.14,300,"194,168",257,313,554.7657143,0.7342857143,0.8942857143
MrPoisonTea,96,166,50,0.30,112,"103,433",362,262,623.0903614,2.180722892,1.578313253
LeoFace1010,97,71,50,0.70,15,"67,370",257,85,948.8732394,3.61971831,1.197183099
Gracezilla12,98,321,50,0.16,242,"196,360",387,589,611.7133956,1.205607477,1.834890966
qAzqii,99,73,49,0.67,24,"70,263",238,49,962.5068493,3.260273973,0.6712328767
TomokiGaming,100,62,49,0.79,13,"56,490",204,111,911.1290323,3.290322581,1.790322581
GalwayG1rl,1,784,643,0.82,120,"719,102","2,535","1,385",917.2219388,3.233418367,1.766581633
nt0SKRNL,2,679,580,0.85,97,"528,076","2,179",562,777.7260677,3.209131075,0.8276877761
willxoxo uwu,3,372,338,0.91,30,"278,557","1,426",238,748.8091398,3.833333333,0.6397849462
RedFoxNinja90,4,279,246,0.88,30,"223,175","1,405",90,799.9103943,5.035842294,0.3225806452
ImportedLake177,5,241,209,0.87,27,"263,069","1,245",150,1091.572614,5.165975104,0.622406639
Rerreee8742,6,332,186,0.56,115,"238,845","1,054",201,719.4126506,3.174698795,0.6054216867
Yuzuriha851310,7,257,178,0.69,76,"218,616","1,336",580,850.6459144,5.19844358,2.256809339
Josh81284,8,369,150,0.41,212,"279,528",866,209,757.5284553,2.346883469,0.566395664
Mich30xd,9,220,147,0.67,71,"217,885",780,119,990.3863636,3.545454545,0.5409090909
IckyPat,10,376,128,0.34,216,"234,420",994,349,623.4574468,2.643617021,0.9281914894
Miruzyamu,11,205,127,0.62,74,"142,489",554,131,695.0682927,2.702439024,0.6390243902
GibborHosea,12,456,126,0.28,317,"328,730","1,052","1,163",720.8991228,2.307017544,2.550438596
Joyboy1784,13,381,116,0.30,262,"293,918",660,932,771.4383202,1.732283465,2.446194226
IsaacGames0317,14,350,112,0.32,232,"221,400",633,480,632.5714286,1.808571429,1.371428571
io mission,15,253,110,0.43,141,"188,121",874,684,743.5612648,3.454545455,2.703557312
TYzxinmar,16,117,106,0.91,11,"112,791",535,92,964.025641,4.572649573,0.7863247863
VaildSwine,17,153,103,0.67,48,"140,505",621,250,918.3333333,4.058823529,1.633986928
greatmoon606,18,142,98,0.69,28,"123,328",611,128,868.5070423,4.302816901,0.9014084507
REA1204,19,122,95,0.78,21,"117,450",653,63,962.704918,5.352459016,0.5163934426
HTViking,20,123,94,0.76,27,"118,242",687,107,961.3170732,5.585365854,0.8699186992
Noa1375,21,149,94,0.63,54,"121,316",520,150,814.2013423,3.489932886,1.006711409
HushedFish96709,22,145,91,0.63,49,"123,246",398,195,849.9724138,2.744827586,1.344827586
K1meikato,23,111,90,0.81,20,"85,523",585,96,770.4774775,5.27027027,0.8648648649
SeyonJu,24,188,89,0.47,97,"150,172",601,232,798.787234,3.196808511,1.234042553
Komainu7306,25,214,87,0.41,122,"200,253",572,157,935.7616822,2.672897196,0.7336448598
SneeringSand22,26,240,84,0.35,152,"185,211",289,272,771.7125,1.204166667,1.133333333
FAMEMCPlayz9135,27,136,84,0.62,48,"141,977",494,189,1043.948529,3.632352941,1.389705882
Tateyana420,28,154,83,0.54,71,"141,749",508,168,920.4480519,3.298701299,1.090909091
siooisiiosiiisi,29,118,82,0.69,27,"86,723",525,78,734.940678,4.449152542,0.6610169492
Pettanko5332,30,83,81,0.98,2,"59,369",432,100,715.2891566,5.204819277,1.204819277
Scoopy2006,31,129,80,0.62,46,"111,837",360,192,866.9534884,2.790697674,1.488372093
KingNJPaul,32,136,78,0.57,58,"116,109",406,203,853.7426471,2.985294118,1.492647059
Witaeame3292,33,98,76,0.78,22,"99,508",538,96,1015.387755,5.489795918,0.9795918367
ITWizardJim,34,157,75,0.48,77,"77,299",262,354,492.3503185,1.668789809,2.25477707
JoTa MAG6327,35,125,75,0.60,47,"126,227",449,199,1009.816,3.592,1.592
ASRIEAL,36,112,74,0.66,37,"102,489",389,150,915.0803571,3.473214286,1.339285714
Lukas022012,37,119,73,0.61,42,"87,867",380,187,738.3781513,3.193277311,1.571428571
BrushedTexas63,38,157,72,0.46,82,"78,149",356,1,497.7643312,2.267515924,0.006369426752
Bennett Poplar,39,161,71,0.44,88,"135,346",297,257,840.6583851,1.844720497,1.596273292
HarryBoef,40,91,70,0.77,19,"84,434",289,95,927.8461538,3.175824176,1.043956044
joytearss,41,152,69,0.45,83,"114,094",408,318,750.6184211,2.684210526,2.092105263
rip esko,42,93,68,0.73,24,"97,854",390,158,1052.193548,4.193548387,1.698924731
KassandraShch13,43,139,68,0.49,61,"71,580",241,198,514.9640288,1.73381295,1.424460432
Entite16,44,239,67,0.28,171,"174,921",370,29,731.8870293,1.548117155,0.1213389121
termzy zuigi,45,101,67,0.66,34,"91,369",325,93,904.6435644,3.217821782,0.9207920792
DuckKing2016,46,205,67,0.33,130,"127,817",597,531,623.497561,2.912195122,2.590243902
Teo5h,47,73,66,0.90,6,"79,664",397,82,1091.287671,5.438356164,1.123287671
El jon 17905,48,304,65,0.21,233,"170,447",502,146,560.6809211,1.651315789,0.4802631579
Finqrly,49,78,63,0.81,14,"85,427",428,84,1095.217949,5.487179487,1.076923077
Momomomo0625,50,137,62,0.45,69,"93,930",443,103,685.620438,3.233576642,0.7518248175
Masterkg20 8856,51,134,62,0.46,71,"104,264",324,326,778.0895522,2.417910448,2.432835821
SandRock52,52,214,61,0.29,149,"166,938",487,385,780.0841121,2.275700935,1.799065421
APRICOT159,53,93,61,0.66,31,"75,322",447,186,809.9139785,4.806451613,2
playnatan78931,54,105,61,0.58,44,"92,399",302,94,879.9904762,2.876190476,0.8952380952
MysteriousO6413,55,227,60,0.26,167,"152,137",357,386,670.2070485,1.572687225,1.700440529
hiroshi0112,56,124,59,0.48,65,"114,159",362,133,920.6370968,2.919354839,1.072580645
Lifeugi1008,57,170,59,0.35,110,"113,695",481,433,668.7941176,2.829411765,2.547058824
Ash Rubix,58,126,59,0.47,67,"107,072",342,145,849.7777778,2.714285714,1.150793651
Sus potato1922,59,123,58,0.47,62,"96,087",401,253,781.195122,3.260162602,2.056910569
thirteeneaa,60,186,57,0.31,126,"140,366",552,517,754.655914,2.967741935,2.779569892
MaxH456506,61,146,57,0.39,88,"120,284",381,208,823.8630137,2.609589041,1.424657534
Wilsy139,62,430,57,0.13,365,"239,026",571,528,555.8744186,1.327906977,1.227906977
Chris055584,63,79,57,0.72,22,"66,732",426,199,844.7088608,5.392405063,2.518987342
CJGamer8,64,111,56,0.50,52,"97,247",470,231,876.0990991,4.234234234,2.081081081
u okqy,65,76,56,0.74,20,"74,510",325,137,980.3947368,4.276315789,1.802631579
JadeTheBlade327,66,149,56,0.38,86,"96,052",381,324,644.6442953,2.55704698,2.174496644
Dono9377,67,104,54,0.52,47,"105,609",433,200,1015.471154,4.163461538,1.923076923
Leprecaiden,68,185,54,0.29,129,"131,405",677,646,710.2972973,3.659459459,3.491891892
SkorpionDonut14,69,65,53,0.82,10,"63,257",346,92,973.1846154,5.323076923,1.415384615
ShadowCloud2321,70,165,53,0.32,107,"121,668",594,299,737.3818182,3.6,1.812121212
SashaKip2512,71,96,53,0.55,42,"78,220",243,177,814.7916667,2.53125,1.84375
InfernoShade01,72,68,53,0.78,13,"37,440",235,69,550.5882353,3.455882353,1.014705882
BlazingFiddler,73,401,53,0.13,345,"157,683",330,673,393.2244389,0.8229426434,1.678304239
St4yLost,74,90,52,0.58,36,"75,767",450,247,841.8555556,5,2.744444444
Fraymex,75,96,51,0.53,44,"74,077",281,110,771.6354167,2.927083333,1.145833333
VTRK108,76,212,51,0.24,161,"170,405",309,119,803.7971698,1.45754717,0.5613207547
PumpkinComic617,77,139,50,0.36,87,"150,868",338,147,1085.381295,2.431654676,1.057553957
Tysac2013,78,187,50,0.27,137,"132,993",356,394,711.1925134,1.903743316,2.106951872
Lili3788,79,259,50,0.19,204,"176,765",262,66,682.4903475,1.011583012,0.2548262548
ryomasa318615,80,98,50,0.51,44,"99,384",385,158,1014.122449,3.928571429,1.612244898
kllqr,81,110,50,0.45,53,"81,583",349,250,741.6636364,3.172727273,2.272727273
darnkiddo,82,105,50,0.48,52,"72,169",248,44,687.3238095,2.361904762,0.419047619
xS7PvPxUwU xD,83,98,49,0.50,43,"87,867",393,173,896.6020408,4.010204082,1.765306122
RAPTORREX1234,84,122,49,0.40,69,"87,619",264,152,718.1885246,2.163934426,1.245901639
Sunny5467,85,162,49,0.30,112,"118,433",511,463,731.0679012,3.154320988,2.858024691
Pavel Yaremenko,86,84,49,0.58,35,"71,505",342,206,851.25,4.071428571,2.452380952
diablodoc,87,160,48,0.30,112,"109,098",417,424,681.8625,2.60625,2.65
DrinkyTheCup,88,120,47,0.39,71,"93,638",328,220,780.3166667,2.733333333,1.833333333
RoyallChurro,89,104,47,0.45,56,"86,447",306,231,831.2211538,2.942307692,2.221153846
zelda dogg,90,65,47,0.72,18,"59,538",256,120,915.9692308,3.938461538,1.846153846
HighlyExotic,91,77,47,0.61,29,"53,801",200,82,698.7142857,2.597402597,1.064935065
adept first,92,88,47,0.53,41,"61,104",152,151,694.3636364,1.727272727,1.715909091
Bingbong1017914,93,115,47,0.41,67,"96,360",270,98,837.9130435,2.347826087,0.852173913
KazimirN,94,56,47,0.84,9,"56,076",279,116,1001.357143,4.982142857,2.071428571
nigthsoul1429,95,445,47,0.11,381,"288,497",529,395,648.3078652,1.188764045,0.8876404494
Shadowcat996,96,53,46,0.87,7,"48,389",235,76,913,4.433962264,1.433962264
PineAppleBud710,97,65,46,0.71,19,"68,958",210,60,1060.892308,3.230769231,0.9230769231
Pon4ik561,98,101,45,0.45,54,"78,836",289,97,780.5544554,2.861386139,0.9603960396
WaveWayz,99,50,45,0.90,5,"47,474",249,89,949.48,4.98,1.78
HonkinGooseG,100,236,45,0.19,172,"139,261",521,704,590.0889831,2.207627119,2.983050847
GalwayG1rl,1,703,554,0.79,138,"659,237","2,361","1,285",937.7482219,3.358463727,1.827880512
unscrewer,2,594,489,0.82,87,"447,084","2,879",549,752.6666667,4.846801347,0.9242424242
Yuzuriha851310,3,499,344,0.69,152,"411,599","2,462",882,824.8476954,4.933867735,1.76753507
DiadNapoleon,4,330,225,0.68,98,"295,090","1,203",346,894.2121212,3.645454545,1.048484848
RedFoxNinja90,5,240,212,0.88,25,"197,706","1,186",83,823.775,4.941666667,0.3458333333
addisynnsnyderr,6,953,177,0.19,669,"584,145","1,437","1,821",612.95383,1.507869885,1.910807975
DracLmB,7,590,162,0.27,414,"415,820",922,133,704.779661,1.562711864,0.2254237288
lolNolan,8,176,158,0.90,15,"115,015",780,113,653.4943182,4.431818182,0.6420454545
thrandes,9,176,149,0.85,21,"74,748",704,169,424.7045455,4,0.9602272727
Melkorlordd,10,481,142,0.30,334,"300,009",741,"1,223",623.7193347,1.540540541,2.542619543
HaiImGabriel123,11,182,139,0.76,42,"136,267",866,291,748.7197802,4.758241758,1.598901099
Lee1387,12,136,134,0.99,2,"100,335",556,43,737.7573529,4.088235294,0.3161764706
ItsWildFire2006,13,252,134,0.53,116,"213,107",807,485,845.6626984,3.202380952,1.924603175
lyygr,14,162,132,0.81,26,"111,831",654,247,690.3148148,4.037037037,1.524691358
ImportedLake177,15,148,128,0.86,18,"152,158",725,48,1028.094595,4.898648649,0.3243243243
gentleman166,16,194,126,0.65,47,"179,784",789,251,926.7216495,4.067010309,1.293814433
xHandscme,17,156,124,0.79,32,"129,612",587,132,830.8461538,3.762820513,0.8461538462
Miruzyamu,18,211,124,0.59,85,"162,052",569,97,768.0189573,2.696682464,0.4597156398
Amroul,19,246,120,0.49,121,"207,421",829,338,843.1747967,3.369918699,1.37398374
SkorpionDonut14,20,127,115,0.91,12,"121,176",690,164,954.1417323,5.433070866,1.291338583
BrushedTexas63,21,326,113,0.35,210,"170,610",650,5,523.3435583,1.993865031,0.01533742331
Ginga0810,22,212,112,0.53,99,"187,218",843,327,883.1037736,3.976415094,1.54245283
Rocket128723,23,177,109,0.62,67,"147,512",684,210,833.4011299,3.86440678,1.186440678
Copyrightsxb,24,546,104,0.19,432,"288,083",577,903,527.6245421,1.056776557,1.653846154
SnowbqllSpam,25,116,103,0.89,13,"115,704",386,179,997.4482759,3.327586207,1.543103448
Shadowcat996,26,132,103,0.78,29,"131,048",616,218,992.7878788,4.666666667,1.651515152
IckyPat,27,273,103,0.38,154,"173,635",666,271,636.025641,2.43956044,0.9926739927
kiryalitov,28,263,103,0.39,141,"185,235",737,226,704.3155894,2.802281369,0.8593155894
Mich30xd,29,187,102,0.55,83,"180,242",545,22,963.8609626,2.914438503,0.1176470588
tommygelb23,30,359,94,0.26,259,"308,699","1,003",11,859.8857939,2.793871866,0.03064066852
SwirlyBear22,31,264,92,0.35,152,"175,627",728,249,665.2537879,2.757575758,0.9431818182
eurofame,32,176,92,0.52,81,"166,796",773,373,947.7045455,4.392045455,2.119318182
sasamyiu,33,187,90,0.48,90,"142,533",553,304,762.2085561,2.957219251,1.625668449
Tahriq16YT,34,92,90,0.98,2,"67,098",447,145,729.326087,4.858695652,1.576086957
vjzoh,35,152,88,0.58,61,"142,468",611,279,937.2894737,4.019736842,1.835526316
HTViking,36,112,88,0.79,23,"117,527",667,125,1049.348214,5.955357143,1.116071429
KlavierWolke642,37,122,87,0.71,33,"99,435",399,169,815.0409836,3.270491803,1.385245902
Loupvers737,38,173,87,0.50,73,"145,743",505,178,842.4450867,2.919075145,1.028901734
XxUltimtzGamzxX,39,157,86,0.55,70,"148,979",412,82,948.910828,2.624203822,0.5222929936
FORTIER ZACK,40,171,85,0.50,81,"134,741",485,100,787.9590643,2.83625731,0.5847953216
Hamster3737859,41,317,85,0.27,230,"209,925",524,485,662.2239748,1.652996845,1.529968454
DungstinK,42,118,83,0.70,31,"116,303",702,141,985.6186441,5.949152542,1.194915254
missvyyy,43,325,81,0.25,237,"218,549",516,470,672.4584615,1.587692308,1.446153846
WishedAstrid,44,191,79,0.41,103,"139,752",279,326,731.6858639,1.460732984,1.706806283
TYzxinmar,45,95,79,0.83,12,"93,543",423,65,984.6631579,4.452631579,0.6842105263
Devuq,46,85,77,0.91,8,"62,130",322,73,730.9411765,3.788235294,0.8588235294
AglitterTag4424,47,190,77,0.41,93,"167,043",447,399,879.1736842,2.352631579,2.1
SurfyAura422994,48,151,76,0.50,59,"114,618",420,135,759.0596026,2.781456954,0.8940397351
MCHCking69,49,210,76,0.36,129,"169,467",536,393,806.9857143,2.552380952,1.871428571
Lol1232000,50,256,75,0.29,168,"158,350",713,698,618.5546875,2.78515625,2.7265625
BopoleGaming23,51,141,74,0.52,62,"119,903",416,137,850.3758865,2.95035461,0.9716312057
ktmarshwa,52,154,73,0.47,81,"132,389",457,277,859.6688312,2.967532468,1.798701299
Rerreee8742,53,196,72,0.37,95,"97,590",417,175,497.9081633,2.12755102,0.8928571429
M0sa1cMast3r,54,124,72,0.58,36,"90,363",386,146,728.733871,3.112903226,1.177419355
infiniterun7901,55,163,72,0.44,91,"100,488",346,228,616.4907975,2.122699387,1.398773006
zEmmax22,56,171,71,0.42,99,"127,720",506,303,746.9005848,2.959064327,1.771929825
DuckieWaddle171,57,162,70,0.43,81,"128,557",366,503,793.5617284,2.259259259,3.104938272
DrGoloYT,58,112,69,0.62,40,"87,880",375,119,784.6428571,3.348214286,1.0625
zQu4ck,59,125,68,0.54,51,"89,782",393,209,718.256,3.144,1.672
DominoDude22,60,90,68,0.76,20,"77,972",395,63,866.3555556,4.388888889,0.7
REA1204,61,79,68,0.86,11,"88,511",473,54,1120.392405,5.987341772,0.6835443038
SteveOnPercz,62,92,67,0.73,24,"73,917",404,107,803.4456522,4.391304348,1.163043478
NeuralBoat923,63,104,67,0.64,34,"87,741",372,127,843.6634615,3.576923077,1.221153846
El jon 17905,64,206,67,0.33,134,"131,084",393,99,636.3300971,1.90776699,0.4805825243
eddy puzza8439,65,98,66,0.67,31,"84,036",310,26,857.5102041,3.163265306,0.2653061224
l7ticia,66,235,65,0.28,169,"186,969",460,181,795.612766,1.957446809,0.770212766
GalindoGamerOOF,67,113,64,0.57,49,"76,321",465,214,675.4070796,4.115044248,1.89380531
UltraMarine2532,68,118,64,0.54,51,"102,337",359,261,867.2627119,3.042372881,2.211864407
bbaerr,69,134,64,0.48,64,"138,881",380,166,1036.425373,2.835820896,1.23880597
KittyCatAB7659,70,209,63,0.30,134,"144,448",416,124,691.138756,1.990430622,0.5933014354
SteveRamen2458,71,95,63,0.66,29,"94,652",657,199,996.3368421,6.915789474,2.094736842
RedVessel7724,72,106,63,0.59,41,"87,441",313,177,824.9150943,2.952830189,1.669811321
VampishRecord2,73,272,63,0.23,196,"173,122",317,341,636.4779412,1.165441176,1.253676471
Balzaz,74,119,62,0.52,56,"87,347",268,270,734.0084034,2.25210084,2.268907563
Heriberto220,75,174,62,0.36,110,"150,517",448,311,865.0402299,2.574712644,1.787356322
syflq,76,210,62,0.30,142,"158,240",684,381,753.5238095,3.257142857,1.814285714
Iceburger20,77,107,61,0.57,42,"69,452",254,123,649.0841121,2.373831776,1.14953271
ZNX Zeta,78,155,61,0.39,89,"118,943",284,295,767.3741935,1.832258065,1.903225806
bobiity,79,108,61,0.56,40,"63,025",285,119,583.5648148,2.638888889,1.101851852
NoKings00000,80,126,60,0.48,64,"88,934",348,140,705.8253968,2.761904762,1.111111111
siooisiiosiiisi,81,92,60,0.65,23,"72,644",448,90,789.6086957,4.869565217,0.9782608696
HarperOliver025,82,101,60,0.59,38,"59,259",287,78,586.7227723,2.841584158,0.7722772277
TiedNight9704,83,156,60,0.38,81,"117,402",376,238,752.5769231,2.41025641,1.525641026
kurosu2009919,84,156,60,0.38,96,"146,173",612,358,937.0064103,3.923076923,2.294871795
LesPossum,85,203,59,0.29,141,"149,794",350,26,737.9014778,1.724137931,0.1280788177
Scoopy2006,86,97,59,0.61,37,"93,184",301,164,960.6597938,3.103092784,1.690721649
Lukas022012,87,128,59,0.46,66,"92,606",334,207,723.484375,2.609375,1.6171875
Wchtg,88,214,59,0.28,145,"170,421",451,599,796.3598131,2.107476636,2.799065421
MisterGreenEggs,89,113,58,0.51,54,"61,457",265,215,543.8672566,2.345132743,1.902654867
AfloatHail80670,90,127,57,0.45,69,"82,031",415,112,645.9133858,3.267716535,0.8818897638
SpentYapper4919,91,117,57,0.49,59,"93,698",406,152,800.8376068,3.47008547,1.299145299
buqz,92,254,57,0.22,195,"143,913",412,185,566.5866142,1.622047244,0.7283464567
S1rHuman,93,123,57,0.46,66,"96,091",224,116,781.2276423,1.821138211,0.9430894309
ChikenJowkey,94,201,57,0.28,130,"118,809",418,109,591.0895522,2.07960199,0.5422885572
Noa1375,95,117,56,0.48,60,"92,084",333,93,787.042735,2.846153846,0.7948717949
termzy zuigi,96,83,55,0.66,28,"81,754",286,107,984.9879518,3.445783133,1.289156627
ElSuperLucky,97,90,55,0.61,21,"83,449",262,82,927.2111111,2.911111111,0.9111111111
nikkyson1324,98,298,55,0.18,237,"117,217",724,446,393.3456376,2.429530201,1.496644295
AirPlayerX8947,99,131,54,0.41,77,"87,607",253,285,668.7557252,1.93129771,2.175572519
SeaRug993250562,100,171,54,0.32,115,"116,356",472,266,680.4444444,2.760233918,1.555555556